model,feature_set,n_features,accuracy,macro_f1,weighted_f1,log_loss,brier_score,multiclass_brier,best_params
hist_gradient_boosting,market_only,5,0.6437908496732027,0.6092320309296468,0.635815737655459,0.5935837908895237,0.20587117458196308,,"{'model__learning_rate': 0.05, 'model__max_depth': 3, 'model__max_leaf_nodes': 15, 'model__min_samples_leaf': 20}"
hist_gradient_boosting,football_plus_market,78,0.6503267973856209,0.6112647963242192,0.6394538692551276,0.624439187835896,0.21914055507904615,,"{'model__learning_rate': 0.05, 'model__max_depth': 3, 'model__max_leaf_nodes': 15, 'model__min_samples_leaf': 20}"
hist_gradient_boosting,football_only,73,0.6209150326797386,0.5598214285714286,0.5973350451291628,0.6373099418071494,0.22433273709638307,,"{'model__learning_rate': 0.05, 'model__max_depth': 3, 'model__max_leaf_nodes': 15, 'model__min_samples_leaf': 20}"
logistic_regression,market_only,5,0.6830065359477124,0.6425018367519,0.6700293022247823,0.5834859125987157,0.20010006186813353,,{'model__C': 0.3}
logistic_regression,football_plus_market,78,0.6111111111111112,0.5833400080096116,0.6079473145552441,0.7620520180727632,0.2427106173553714,,{'model__C': 0.3}
logistic_regression,football_only,73,0.6241830065359477,0.5987777486403594,0.6218734376363488,0.762194993809749,0.23868811014078145,,{'model__C': 0.3}
naive_bayes,market_only,5,0.6535947712418301,0.6253638253638253,0.6488896135954959,0.8412615848206688,0.23581985691624763,,{'model__var_smoothing': 1e-07}
naive_bayes,football_only,73,0.6535947712418301,0.6366935483870968,0.6546190877784808,3.4742507125392272,0.31924376245991926,,{'model__var_smoothing': 1e-07}
naive_bayes,football_plus_market,78,0.6633986928104575,0.6464491233580489,0.6641576287560876,3.6520494118993176,0.3199251157377353,,{'model__var_smoothing': 1e-07}
