date,season_id,game_id,target_col,target,y_pred,lambda_home,lambda_away,home_win_prob,draw_prob,away_win_prob,away_not_lose_prob,predicted_home_goals,predicted_away_goals,predicted_score_prob,score_matrix_probability_mass,target_1x2,home_team,away_team,round,week,matchday,batch_id,model,n_history_matches,alpha,max_goals
2025-08-22 18:30:00,2025,30224,target_1x2,H,H,1.703867373529357,1.538985011995422,0.4191187815269884,0.2317151398319316,0.3491660786410801,0.5808812184730117,1,1,0.10240408479791938,1.0,H,Bayern Munich,RasenBallsport Leipzig,,1,1,1,double_poisson_alpha_1_0,612,1.0,10
2025-08-23 13:30:00,2025,30225,target_1x2,A,H,1.6044082936831945,1.5495028274848621,0.3937531998399242,0.23610320088908468,0.370143599270991,0.6062468001600757,1,1,0.10611604984117125,1.0,A,FC Heidenheim,Wolfsburg,,1,1,2,double_poisson_alpha_1_0,613,1.0,10
2025-08-23 13:30:00,2025,30226,target_1x2,A,H,1.7263613873786587,1.5076009738807572,0.4306977840190932,0.23145927268807454,0.3378429432928324,0.5693022159809069,1,1,0.10254774504168782,1.0000000000000002,A,Bayer Leverkusen,Hoffenheim,,1,1,2,double_poisson_alpha_1_0,613,1.0,10
2025-08-23 13:30:00,2025,30227,target_1x2,H,A,1.5618343873135312,1.5892743662176436,0.37595177026851223,0.23629140747043179,0.3877568222610559,0.6240482297314877,1,1,0.10624896683099617,1.0,H,Union Berlin,VfB Stuttgart,,1,1,2,double_poisson_alpha_1_0,613,1.0,10
2025-08-23 13:30:00,2025,30228,target_1x2,H,H,1.644501998468112,1.5289211209900049,0.4072879462677905,0.2349671268135316,0.35774492691867765,0.5927120537322093,1,1,0.10524932912190431,0.9999999999999997,H,Eintracht Frankfurt,Werder Bremen,,1,1,2,double_poisson_alpha_1_0,613,1.0,10
2025-08-23 13:30:00,2025,30229,target_1x2,A,H,1.6139545473244736,1.526479025158396,0.40057437402756846,0.2365321605838382,0.3628934653885934,0.5994256259724315,1,1,0.10658821019407258,1.0,A,Freiburg,Augsburg,,1,1,2,double_poisson_alpha_1_0,613,1.0,10
2025-08-23 16:30:00,2025,30230,target_1x2,D,H,1.5802250897081704,1.5726005244691719,0.38351972606239937,0.23624002031259644,0.38024025362500413,0.6164802739376005,1,1,0.10618975100614195,1.0,D,St. Pauli,Borussia Dortmund,,,,3,double_poisson_alpha_1_0,618,1.0,10
2025-08-24 13:30:00,2025,30231,target_1x2,A,H,1.6218838925090395,1.5076087277653643,0.40623047889122554,0.2368314450981772,0.35693807601059746,0.5937695211087747,1,1,0.1069515363441599,1.0,A,Mainz 05,FC Cologne,,1,1,4,double_poisson_alpha_1_0,619,1.0,10
2025-08-24 15:30:00,2025,30232,target_1x2,D,H,1.6335283417862978,1.5718372421408573,0.39620028025782406,0.23393312271320096,0.36986659702897506,0.603799719742176,1,1,0.10410262072958304,1.0,D,Borussia M.Gladbach,Hamburger SV,,1,1,5,double_poisson_alpha_1_0,620,1.0,10
2025-08-29 18:30:00,2025,30233,target_1x2,A,H,1.6103201198077008,1.5200597762976928,0.40099505481121117,0.2369458252481841,0.3620591199406048,0.5990049451887889,1,1,0.10697102836808023,1.0,A,Hamburger SV,St. Pauli,,2,2,6,double_poisson_alpha_1_0,621,1.0,10
2025-08-30 13:30:00,2025,30234,target_1x2,A,H,1.6159746532513866,1.5954269706689876,0.38748894186412486,0.23378682811078513,0.37872423002509004,0.6125110581358751,1,1,0.1039004598297986,1.0,A,Hoffenheim,Eintracht Frankfurt,,2,2,7,double_poisson_alpha_1_0,622,1.0,10
2025-08-30 13:30:00,2025,30235,target_1x2,H,H,1.6652049606920378,1.507378605795169,0.4164897168573871,0.23465055083228475,0.34885973231032796,0.5835102831426127,1,1,0.10516095144416843,1.0,H,RasenBallsport Leipzig,FC Heidenheim,,2,2,7,double_poisson_alpha_1_0,622,1.0,10
2025-08-30 13:30:00,2025,30236,target_1x2,D,A,1.5700772720488365,1.617721659254161,0.37245257526935266,0.2347054961423579,0.3928419285882894,0.6275474247306473,1,1,0.10480484061309532,1.0,D,Werder Bremen,Bayer Leverkusen,,2,2,7,double_poisson_alpha_1_0,622,1.0,10
2025-08-30 13:30:00,2025,30237,target_1x2,H,H,1.683820986444008,1.5346202795073949,0.4153409904681085,0.2328456630948727,0.35181334643701895,0.5846590095318916,1,1,0.10340595953379865,1.0,H,VfB Stuttgart,Borussia M.Gladbach,,2,2,7,double_poisson_alpha_1_0,622,1.0,10
2025-08-30 16:30:00,2025,30238,target_1x2,A,A,1.5626280620911281,1.6582544589846318,0.36306974427043337,0.23313814973338012,0.4037921059961864,0.6369302557295665,1,1,0.10344161376358019,1.0,A,Augsburg,Bayern Munich,,2,2,8,double_poisson_alpha_1_0,626,1.0,10
2025-08-31 13:30:00,2025,30239,target_1x2,D,H,1.597923898222341,1.535869702880129,0.3949133952498187,0.2369329814880149,0.36815362326216633,0.6050866047501813,1,1,0.1068860916318865,1.0,D,Wolfsburg,Mainz 05,,2,2,9,double_poisson_alpha_1_0,627,1.0,10
2025-08-31 15:30:00,2025,30240,target_1x2,H,H,1.663745021766027,1.4944557150163547,0.4187719478711813,0.23513639824761884,0.34609165388119995,0.5812280521288188,1,1,0.10567704637632148,1.0,H,Borussia Dortmund,Union Berlin,,,,10,double_poisson_alpha_1_0,628,1.0,10
2025-08-31 17:30:00,2025,30241,target_1x2,H,H,1.5987215899163458,1.5394914691527706,0.3943856184769204,0.23675482963343364,0.36885955188964603,0.6056143815230797,1,1,0.10671894223611411,1.0,H,FC Cologne,Freiburg,,2,2,11,double_poisson_alpha_1_0,629,1.0,10
2025-09-12 18:30:00,2025,30242,target_1x2,H,H,1.6767703643490746,1.5241839649187194,0.41579913000664875,0.23352842553480951,0.35067244445854173,0.5842008699933512,1,1,0.10407685874998733,1.0,H,Bayer Leverkusen,Eintracht Frankfurt,,3,3,12,double_poisson_alpha_1_0,630,1.0,10
2025-09-13 13:30:00,2025,30243,target_1x2,H,A,1.5912998275970323,1.5967950677853187,0.38144357765416603,0.23476106500001911,0.38379535734581477,0.6185564223458339,1,1,0.10481638501731542,1.0,H,Freiburg,VfB Stuttgart,,3,3,13,double_poisson_alpha_1_0,631,1.0,10
2025-09-13 13:30:00,2025,30244,target_1x2,A,A,1.5856086368117495,1.6048808555905165,0.3785518717992361,0.23465128966188817,0.38679683853887564,0.6214481282007638,1,1,0.10471932111680954,1.0,A,FC Heidenheim,Borussia Dortmund,,,,13,double_poisson_alpha_1_0,631,1.0,10
2025-09-13 13:30:00,2025,30245,target_1x2,A,H,1.5886555672906189,1.5577846143606522,0.38840323402010846,0.23648341211205212,0.37511335386783967,0.6115967659798918,1,1,0.10642791416280233,1.0,A,Mainz 05,RasenBallsport Leipzig,,3,3,13,double_poisson_alpha_1_0,631,1.0,10
2025-09-13 13:30:00,2025,30246,target_1x2,D,H,1.6218941612474058,1.5242897895805758,0.40288815629399477,0.2362300909723784,0.3608817527336271,0.5971118437060055,1,1,0.10634564802353742,1.0000000000000002,D,Wolfsburg,FC Cologne,,3,3,13,double_poisson_alpha_1_0,631,1.0,10
2025-09-13 13:30:00,2025,30247,target_1x2,A,H,1.6131064280187017,1.5566913573312047,0.3943873548765081,0.2354289826821619,0.37018366244132983,0.6056126451234918,1,1,0.10549693666447232,0.9999999999999999,A,Union Berlin,Hoffenheim,,3,3,13,double_poisson_alpha_1_0,631,1.0,10
2025-09-13 16:30:00,2025,30248,target_1x2,H,H,1.7395736818645677,1.5157683662044341,0.4320810925752726,0.23054409931336678,0.33737480811136067,0.5679189074247275,1,1,0.10169476090156011,1.0,H,Bayern Munich,Hamburger SV,,3,3,14,double_poisson_alpha_1_0,636,1.0,10
2025-09-14 13:30:00,2025,30249,target_1x2,H,H,1.6075651047159583,1.5163722838537907,0.40107886127343795,0.2372166949045625,0.36170444382199984,0.5989211387265623,1,1,0.10721749063325611,1.0000000000000002,H,St. Pauli,Augsburg,,3,3,15,double_poisson_alpha_1_0,637,1.0,10
2025-09-14 15:30:00,2025,30250,target_1x2,A,H,1.6404139296762938,1.564286853548868,0.39929794372453004,0.233900618604975,0.36680143767049517,0.6007020562754701,1,1,0.10410844928341323,1.0,A,Borussia M.Gladbach,Werder Bremen,,3,3,16,double_poisson_alpha_1_0,638,1.0,10
2025-09-19 18:30:00,2025,30251,target_1x2,H,H,1.6535720066081705,1.5116713733362,0.41288895350174526,0.23510218019522175,0.352008866303033,0.5871110464982547,1,1,0.10549521621776098,1.0,H,VfB Stuttgart,St. Pauli,,4,4,17,double_poisson_alpha_1_0,639,1.0,10
2025-09-20 13:30:00,2025,30252,target_1x2,A,H,1.635923506346999,1.5451821895840396,0.4020289644703542,0.2348028558905133,0.3631681796391324,0.5979710355296457,1,1,0.10500404666538635,0.9999999999999999,A,Werder Bremen,Freiburg,,4,4,18,double_poisson_alpha_1_0,640,1.0,10
2025-09-20 13:30:00,2025,30253,target_1x2,A,H,1.5884394927164582,1.539461148626939,0.39195482391623604,0.23723046526432864,0.37081471081943534,0.608045176083764,1,1,0.10712958457661298,1.0000000000000002,A,Augsburg,Mainz 05,,4,4,18,double_poisson_alpha_1_0,640,1.0,10
2025-09-20 13:30:00,2025,30254,target_1x2,H,H,1.641532659427938,1.5307158315012894,0.40623089379414823,0.23504900649211008,0.35872009971374186,0.5937691062058519,1,1,0.10530623525862073,1.0,H,Hamburger SV,FC Heidenheim,,4,4,18,double_poisson_alpha_1_0,640,1.0,10
2025-09-20 13:30:00,2025,30255,target_1x2,A,A,1.6005860401003829,1.6958542414589086,0.364864558356195,0.23012445862814104,0.40501098301566374,0.6351354416438048,1,1,0.10047123079871444,0.9999999999999999,A,Hoffenheim,Bayern Munich,,4,4,18,double_poisson_alpha_1_0,640,1.0,10
2025-09-20 16:30:00,2025,30256,target_1x2,H,H,1.6625569497496733,1.51158005225987,0.415017760760791,0.23465028304732669,0.3503319561918824,0.5849822392392091,1,1,0.10512293989547977,1.0,H,RasenBallsport Leipzig,FC Cologne,,4,4,19,double_poisson_alpha_1_0,644,1.0,10
2025-09-21 13:30:00,2025,30257,target_1x2,A,H,1.652967417717961,1.5026877817777722,0.4145639859508924,0.23542918687363282,0.35000682717547493,0.5854360140491077,1,1,0.10583989696432687,1.0,A,Eintracht Frankfurt,Union Berlin,,4,4,20,double_poisson_alpha_1_0,645,1.0,10
2025-09-21 15:30:00,2025,30258,target_1x2,D,H,1.7199583392476037,1.5166760507066868,0.42736397585975705,0.23154580677138797,0.34109021736885514,0.5726360241402431,1,1,0.10250812766699038,1.0,D,Bayer Leverkusen,Borussia M.Gladbach,,4,4,21,double_poisson_alpha_1_0,646,1.0,10
2025-09-21 17:30:00,2025,30259,target_1x2,H,H,1.6771209248542434,1.534390695632505,0.41382593307080245,0.2331841802238851,0.3529898867053126,0.5861740669291977,1,1,0.10369517729751139,1.0000000000000002,H,Borussia Dortmund,Wolfsburg,,,,22,double_poisson_alpha_1_0,647,1.0,10
2025-09-26 18:30:00,2025,30260,target_1x2,H,H,1.7562647698975122,1.5179284876754988,0.43547994550517677,0.22960783693046594,0.3349122175643573,0.5645200544948232,1,1,0.10089676381715663,1.0,H,Bayern Munich,Werder Bremen,,5,5,23,double_poisson_alpha_1_0,648,1.0,10
2025-09-27 13:30:00,2025,30261,target_1x2,H,H,1.6125011410629648,1.549488855725052,0.39566520750044404,0.23573295093096786,0.3686018415685882,0.6043347924995561,1,1,0.10579220770840707,1.0,H,FC Heidenheim,Augsburg,,5,5,24,double_poisson_alpha_1_0,649,1.0,10
2025-09-27 13:30:00,2025,30262,target_1x2,A,H,1.5968938464829705,1.5781932566550032,0.38636205688378517,0.2352938005508159,0.37834414256539894,0.6136379431162149,1,1,0.10532062370132833,1.0,A,Mainz 05,Borussia Dortmund,,,,24,double_poisson_alpha_1_0,649,1.0,10
2025-09-27 13:30:00,2025,30263,target_1x2,A,A,1.5593411413695377,1.6047072779584166,0.3724075013284395,0.2357048504826714,0.39188764818888905,0.6275924986715604,1,1,0.10573242444804877,1.0,A,St. Pauli,Bayer Leverkusen,,5,5,24,double_poisson_alpha_1_0,649,1.0,10
2025-09-27 13:30:00,2025,30264,target_1x2,A,H,1.5990203794218196,1.5849813413248548,0.38554270120559075,0.2349262858484882,0.379531012945921,0.6144572987944092,1,1,0.10497449042794846,1.0,A,Wolfsburg,RasenBallsport Leipzig,,5,5,24,double_poisson_alpha_1_0,649,1.0,10
2025-09-27 16:30:00,2025,30265,target_1x2,A,H,1.6178040575989858,1.592313340781547,0.38852117586775115,0.23383270795967917,0.3776461161725697,0.6114788241322489,1,1,0.10394848921697672,1.0,A,Borussia M.Gladbach,Eintracht Frankfurt,,5,5,25,double_poisson_alpha_1_0,653,1.0,10
2025-09-28 13:30:00,2025,30266,target_1x2,D,H,1.6546730995257184,1.5740687847206352,0.40069658791562285,0.23289764148389566,0.3664057706004815,0.5993034120843772,1,1,0.10315995148608388,1.0,D,Freiburg,Hoffenheim,,5,5,26,double_poisson_alpha_1_0,654,1.0,10
2025-09-28 15:30:00,2025,30267,target_1x2,A,A,1.5876844859252441,1.6060892353629492,0.3788068446189016,0.23451610870744471,0.3866770466736539,0.6211931553810985,1,1,0.1045913018697109,1.0,A,FC Cologne,VfB Stuttgart,,5,5,27,double_poisson_alpha_1_0,655,1.0,10
2025-09-28 17:30:00,2025,30268,target_1x2,D,H,1.5945025380176039,1.5623144664368014,0.3888976017693183,0.23604110218262345,0.37506129604805827,0.6111023982306817,1,1,0.10602431216122825,1.0,D,Union Berlin,Hamburger SV,,5,5,28,double_poisson_alpha_1_0,656,1.0,10
2025-10-03 18:30:00,2025,30274,target_1x2,A,H,1.6462478803167468,1.5645169164121155,0.40061627640892905,0.2336251671619026,0.3657585564291682,0.5993837235910708,1,1,0.10386232930064104,0.9999999999999999,A,Hoffenheim,FC Cologne,,6,6,29,double_poisson_alpha_1_0,657,1.0,10
2025-10-04 13:30:00,2025,30269,target_1x2,H,H,1.6964263639161836,1.4743629469794053,0.4305550462434493,0.23398302715998628,0.33546192659656443,0.5694449537565507,1,1,0.10497433207279976,1.0,H,Bayer Leverkusen,Union Berlin,,6,6,30,double_poisson_alpha_1_0,658,1.0,10
2025-10-04 13:30:00,2025,30271,target_1x2,D,H,1.6434438563960032,1.5612216808688528,0.40061210191725904,0.23387303800198406,0.36551486008075695,0.599387898082741,1,1,0.10410003770220523,0.9999999999999999,D,Borussia Dortmund,RasenBallsport Leipzig,,,,30,double_poisson_alpha_1_0,658,1.0,10
2025-10-04 13:30:00,2025,30276,target_1x2,H,H,1.6050607691478964,1.5532260473395796,0.3931735663184664,0.23592838445429373,0.3708980492272397,0.6068264336815334,1,1,0.10594966995469589,0.9999999999999997,H,Augsburg,Wolfsburg,,6,6,30,double_poisson_alpha_1_0,658,1.0,10
2025-10-04 13:30:00,2025,30277,target_1x2,H,H,1.6081090873151798,1.539274817635113,0.3966490328740059,0.23632670039715897,0.3670242667288353,0.6033509671259942,1,1,0.10635066459283467,1.0,H,Werder Bremen,St. Pauli,,6,6,30,double_poisson_alpha_1_0,658,1.0,10
2025-10-04 16:30:00,2025,30272,target_1x2,A,A,1.6107492294113037,1.6577511787379662,0.3743423710579887,0.23142688488744045,0.3942307440545709,0.6256576289420114,1,1,0.10163787730402374,1.0,A,Eintracht Frankfurt,Bayern Munich,,6,6,31,double_poisson_alpha_1_0,662,1.0,10
2025-10-05 13:30:00,2025,30275,target_1x2,H,H,1.6799078821633406,1.5107609293274895,0.4192476351901644,0.23379021701965555,0.34696214779018,0.5807523648098355,1,1,0.10442184302722457,1.0,H,VfB Stuttgart,FC Heidenheim,,6,6,32,double_poisson_alpha_1_0,663,1.0,10
2025-10-05 15:30:00,2025,30273,target_1x2,H,H,1.6011286468474795,1.536826639445054,0.3954828931888851,0.2367464500152203,0.3677706567958947,0.604517106811115,1,1,0.10672211969896347,1.0,H,Hamburger SV,Mainz 05,,6,6,33,double_poisson_alpha_1_0,664,1.0,10
2025-10-05 17:30:00,2025,30270,target_1x2,D,H,1.6321977804976961,1.5618774344746698,0.39784967807952376,0.23436442447834388,0.3677858974421325,0.6021503219204765,1,1,0.10453229675712236,1.0,D,Borussia M.Gladbach,Freiburg,,6,6,34,double_poisson_alpha_1_0,665,1.0,10
2025-10-17 18:30:00,2025,30285,target_1x2,H,H,1.6007996663300708,1.554259193881897,0.3919646229872347,0.23608072823434537,0.3719546487784198,0.6080353770127652,1,1,0.10608055348950131,0.9999999999999999,H,Union Berlin,Borussia M.Gladbach,,7,7,35,double_poisson_alpha_1_0,666,1.0,10
2025-10-18 13:30:00,2025,30279,target_1x2,D,H,1.6050065856364188,1.5357471736681743,0.3966146436261768,0.23660671308544462,0.36677864328837856,0.6033853563738232,1,1,0.10660670411642961,1.0,D,FC Cologne,Augsburg,,7,7,36,double_poisson_alpha_1_0,667,1.0,10
2025-10-18 13:30:00,2025,30281,target_1x2,D,H,1.6048602193633366,1.5587988330337876,0.39203022279224053,0.2357192906814139,0.3722504865263456,0.6079697772077595,1,1,0.10574689274683245,1.0,D,FC Heidenheim,Werder Bremen,,7,7,36,double_poisson_alpha_1_0,667,1.0,10
2025-10-18 13:30:00,2025,30282,target_1x2,A,A,1.5594968614778282,1.5974995894082566,0.3738219464225696,0.2360209939042994,0.39015705967313113,0.6261780535774305,1,1,0.10601299944745614,1.0,A,Mainz 05,Bayer Leverkusen,,7,7,36,double_poisson_alpha_1_0,667,1.0,10
2025-10-18 13:30:00,2025,30283,target_1x2,H,H,1.6477998382083094,1.5245725957587029,0.4089347441862546,0.23495535766766634,0.3561098981460791,0.5910652558137455,1,1,0.10527099366572315,1.0,H,RasenBallsport Leipzig,Hamburger SV,,7,7,36,double_poisson_alpha_1_0,667,1.0,10
2025-10-18 13:30:00,2025,30286,target_1x2,A,H,1.5910004385129835,1.590147743238677,0.38265704983609933,0.23505118538216072,0.3822917647817399,0.6173429501639006,1,1,0.10508789070941736,1.0,A,Wolfsburg,VfB Stuttgart,,7,7,36,double_poisson_alpha_1_0,667,1.0,10
2025-10-18 16:30:00,2025,30278,target_1x2,H,H,1.7197415148001929,1.5514043439592635,0.4202890212285858,0.2305574476949034,0.3491535310765109,0.5797109787714143,1,1,0.10128557140011875,1.0,H,Bayern Munich,Borussia Dortmund,,,,37,double_poisson_alpha_1_0,672,1.0,10
2025-10-19 13:30:00,2025,30280,target_1x2,D,H,1.6050804306256679,1.577427033207328,0.3884362385896746,0.23497130358767657,0.3765924578226487,0.6115637614103253,1,1,0.10502692466595144,1.0,D,Freiburg,Eintracht Frankfurt,,7,7,38,double_poisson_alpha_1_0,673,1.0,10
2025-10-19 15:30:00,2025,30284,target_1x2,A,H,1.6276840497860314,1.5447105720417145,0.4001862988144791,0.23520731969336922,0.36460638149215163,0.5998137011855209,1,1,0.10535708542883311,1.0,A,St. Pauli,Hoffenheim,,7,7,39,double_poisson_alpha_1_0,674,1.0,10
2025-10-24 18:30:00,2025,30295,target_1x2,H,H,1.623240639475724,1.523246395032408,0.40341480522877693,0.2362026976403844,0.3603824971308386,0.596585194771223,1,1,0.1063288482591134,0.9999999999999998,H,Werder Bremen,Union Berlin,,8,8,40,double_poisson_alpha_1_0,675,1.0,10
2025-10-25 13:30:00,2025,30287,target_1x2,A,A,1.5766801049214596,1.5831522707675316,0.38063735861592174,0.23594426240828606,0.3834183789757923,0.6193626413840784,1,1,0.10591769262619935,1.0000000000000002,A,Augsburg,RasenBallsport Leipzig,,8,8,41,double_poisson_alpha_1_0,676,1.0,10
2025-10-25 13:30:00,2025,30289,target_1x2,A,A,1.582515211706463,1.6871345398629665,0.36231372950720764,0.23112528318601055,0.4065609873067819,0.6376862704927925,1,1,0.10150951786915885,1.0,A,Borussia M.Gladbach,Bayern Munich,,8,8,41,double_poisson_alpha_1_0,676,1.0,10
2025-10-25 13:30:00,2025,30291,target_1x2,H,H,1.6328600230282833,1.5177970088217865,0.40677749690216114,0.23592654165660285,0.35729596144123615,0.593222503097839,1,1,0.10613281558617012,1.0,H,Eintracht Frankfurt,St. Pauli,,8,8,41,double_poisson_alpha_1_0,676,1.0,10
2025-10-25 13:30:00,2025,30292,target_1x2,A,H,1.6253549740954953,1.5390538124869668,0.40076166082774856,0.23552483709712052,0.3637135020751309,0.5992383391722514,1,1,0.10566149597768713,1.0,A,Hamburger SV,Wolfsburg,,8,8,41,double_poisson_alpha_1_0,676,1.0,10
2025-10-25 13:30:00,2025,30293,target_1x2,H,H,1.6456965247614694,1.5554967665385757,0.40227247516074005,0.23397446436619293,0.3637530604730669,0.5977275248392598,1,1,0.1042217311851761,1.0,H,Hoffenheim,FC Heidenheim,,8,8,41,double_poisson_alpha_1_0,676,1.0,10
2025-10-25 16:30:00,2025,30290,target_1x2,H,H,1.666510166209785,1.509509313828556,0.41636421906197507,0.23451566517526792,0.3491201157627569,0.5836357809380248,1,1,0.10503064432733931,1.0,H,Borussia Dortmund,FC Cologne,,,,42,double_poisson_alpha_1_0,681,1.0,10
2025-10-26 13:30:00,2025,30288,target_1x2,H,H,1.6904271082508198,1.4980466246965036,0.4242935879827071,0.23362687531030546,0.34207953670698743,0.5757064120172929,1,1,0.10442037080382285,1.0,H,Bayer Leverkusen,Freiburg,,8,8,43,double_poisson_alpha_1_0,682,1.0,10
2025-10-26 15:30:00,2025,30294,target_1x2,H,H,1.6474105562309782,1.5143560588394733,0.4108981015071927,0.23532209910702673,0.3537797993857808,0.5891018984928076,1,1,0.10565548550111113,1.0000000000000002,H,VfB Stuttgart,Mainz 05,,8,8,44,double_poisson_alpha_1_0,683,1.0,10
2025-10-31 19:30:00,2025,30296,target_1x2,A,A,1.57521412958437,1.5982503686445948,0.3773823706544431,0.23535621539170715,0.38726141395384983,0.622617629345557,1,1,0.10538196489375731,1.0,A,Augsburg,Borussia Dortmund,,,,45,double_poisson_alpha_1_0,684,1.0,10
2025-11-01 14:30:00,2025,30299,target_1x2,D,A,1.585211471228355,1.5874652526010082,0.38181405010641056,0.2354052429636145,0.38278070692997496,0.6181859498935894,1,1,0.10541816211408607,1.0,D,FC Heidenheim,Eintracht Frankfurt,,9,9,46,double_poisson_alpha_1_0,685,1.0,10
2025-11-01 14:30:00,2025,30300,target_1x2,D,H,1.6086407349061345,1.5341863500587707,0.39778402581560546,0.23649543387800567,0.3657205403063887,0.6022159741843943,1,1,0.10651841998346308,0.9999999999999998,D,Mainz 05,Werder Bremen,,9,9,46,double_poisson_alpha_1_0,685,1.0,10
2025-11-01 14:30:00,2025,30301,target_1x2,H,H,1.6253180791080761,1.562142481065384,0.3961840331794765,0.23466739992576222,0.3691485668947613,0.6038159668205235,1,1,0.1048002880816609,1.0,H,RasenBallsport Leipzig,VfB Stuttgart,,9,9,46,double_poisson_alpha_1_0,685,1.0,10
2025-11-01 14:30:00,2025,30302,target_1x2,A,H,1.609391763222206,1.5358291585857125,0.39763548383623426,0.2363977712725674,0.3659667448911985,0.6023645161637659,1,1,0.10642718917613361,1.0,A,St. Pauli,Borussia M.Gladbach,,9,9,46,double_poisson_alpha_1_0,685,1.0,10
2025-11-01 14:30:00,2025,30303,target_1x2,D,H,1.5807533032338366,1.5380547157268765,0.39040728320863105,0.23763963622427245,0.3719530805670964,0.6095927167913688,1,1,0.10748671021131101,1.0,D,Union Berlin,Freiburg,,9,9,46,double_poisson_alpha_1_0,685,1.0,10
2025-11-01 17:30:00,2025,30297,target_1x2,H,H,1.683601061919884,1.5700314396045216,0.4082152237448852,0.23170560509292107,0.36007917116219385,0.5917847762551149,1,1,0.10212049202837871,1.0,H,Bayern Munich,Bayer Leverkusen,,9,9,47,double_poisson_alpha_1_0,690,1.0,10
2025-11-02 14:30:00,2025,30298,target_1x2,H,H,1.5868541994178793,1.5477168200025868,0.3899526622961575,0.2369715745756383,0.37307576312820423,0.6100473377038426,1,1,0.10688127625028192,1.0,H,FC Cologne,Hamburger SV,,9,9,48,double_poisson_alpha_1_0,691,1.0,10
2025-11-02 16:30:00,2025,30304,target_1x2,A,H,1.632974445142963,1.5597168140150721,0.39845812046121554,0.23440893911023197,0.3671329404285525,0.6015418795387845,1,1,0.10458200076117839,1.0,A,Wolfsburg,Hoffenheim,,9,9,49,double_poisson_alpha_1_0,692,1.0,10
2025-11-07 19:30:00,2025,30313,target_1x2,H,H,1.6175353613843826,1.5430854336494066,0.3981188274378495,0.23574245323937948,0.36613871932277103,0.6018811725621505,1,1,0.1058287300616072,1.0,H,Werder Bremen,Wolfsburg,,10,10,50,double_poisson_alpha_1_0,693,1.0,10
2025-11-08 14:30:00,2025,30305,target_1x2,H,H,1.6982008137389684,1.483120644912674,0.42916728350272126,0.23364134330959754,0.3371913731876812,0.5708327164972787,1,1,0.10460083954778678,1.0,H,Bayer Leverkusen,FC Heidenheim,,10,10,51,double_poisson_alpha_1_0,694,1.0,10
2025-11-08 14:30:00,2025,30309,target_1x2,D,H,1.5904000084780505,1.58557530406291,0.38340089214545214,0.2352665814466811,0.38133252640786686,0.616599107854548,1,1,0.10528940934147962,1.0000000000000002,D,Hamburger SV,Borussia Dortmund,,,,51,double_poisson_alpha_1_0,694,1.0,10
2025-11-08 14:30:00,2025,30310,target_1x2,H,A,1.6028039788544037,1.6075513451621632,0.3820664438794291,0.233841772142755,0.38409178397781596,0.617933556120571,1,1,0.10394549287773965,1.0,H,Hoffenheim,RasenBallsport Leipzig,,10,10,51,double_poisson_alpha_1_0,694,1.0,10
2025-11-08 14:30:00,2025,30312,target_1x2,D,A,1.5343262297512408,1.6620236900798704,0.35575955424618794,0.2339276310565254,0.41031281469728675,0.6442404457538121,1,1,0.1043272565083073,1.0,D,Union Berlin,Bayern Munich,,10,10,51,double_poisson_alpha_1_0,694,1.0,10
2025-11-08 17:30:00,2025,30306,target_1x2,H,H,1.6276182992149801,1.5464413345803458,0.39982750495267605,0.2351466927584905,0.3650258022888334,0.600172495047324,1,1,0.10529540736726535,1.0,H,Borussia M.Gladbach,FC Cologne,,10,10,52,double_poisson_alpha_1_0,698,1.0,10
2025-11-09 14:30:00,2025,30308,target_1x2,H,H,1.597024277759453,1.520000123002929,0.39785228375384796,0.2375884106125293,0.3645593056336227,0.602147716246152,1,1,0.10750994610790672,1.0,H,Freiburg,St. Pauli,,10,10,53,double_poisson_alpha_1_0,699,1.0,10
2025-11-09 16:30:00,2025,30311,target_1x2,H,H,1.6724582145265938,1.5066276399040681,0.41834273338715433,0.23430196782704812,0.3473552987857975,0.5816572666128457,1,1,0.10488219370199783,1.0,H,VfB Stuttgart,Augsburg,,10,10,54,double_poisson_alpha_1_0,700,1.0,10
2025-11-09 18:30:00,2025,30307,target_1x2,H,H,1.6346886169766586,1.5271536881546695,0.4053332856934184,0.235506742255831,0.35915997205075073,0.5946667143065817,1,1,0.10571755686942849,1.0000000000000002,H,Eintracht Frankfurt,Mainz 05,,10,10,55,double_poisson_alpha_1_0,701,1.0,10
2025-11-21 19:30:00,2025,30319,target_1x2,D,H,1.6322581039203032,1.5487374120825572,0.40046254102414036,0.23484565299522053,0.3646918059806391,0.5995374589758596,1,1,0.10502140484672803,1.0,D,Mainz 05,Hoffenheim,,11,11,56,double_poisson_alpha_1_0,702,1.0,10
2025-11-22 14:30:00,2025,30314,target_1x2,H,H,1.5992572973987147,1.554524441931662,0.3915483022142913,0.2361398186393003,0.3723118791464084,0.6084516977857087,1,1,0.10613188785316163,1.0,H,Augsburg,Hamburger SV,,11,11,57,double_poisson_alpha_1_0,703,1.0,10
2025-11-22 14:30:00,2025,30315,target_1x2,H,H,1.7400914307946174,1.4938708524007847,0.43668980128753876,0.23108146757346917,0.3322287311389921,0.5633101987124612,1,1,0.10242197537616479,1.0,H,Bayern Munich,Freiburg,,11,11,57,double_poisson_alpha_1_0,703,1.0,10
2025-11-22 14:30:00,2025,30316,target_1x2,D,H,1.6372838807702166,1.5634274428711,0.3987351485354709,0.23407507866318858,0.36718977280134035,0.6012648514645289,1,1,0.10426785780779524,1.0,D,Borussia Dortmund,VfB Stuttgart,,,,57,double_poisson_alpha_1_0,703,1.0,10
2025-11-22 14:30:00,2025,30318,target_1x2,A,H,1.6147141655201012,1.5694316663097563,0.3922623696091483,0.23486403836935177,0.3728735920215001,0.6077376303908519,1,1,0.10494967596159369,1.0,A,FC Heidenheim,Borussia M.Gladbach,,11,11,57,double_poisson_alpha_1_0,703,1.0,10
2025-11-22 14:30:00,2025,30322,target_1x2,A,A,1.5650818903641643,1.6181171731567292,0.37120448513501964,0.2348803150949651,0.3939151997700154,0.6287955148649804,1,1,0.10497871325757008,1.0,A,Wolfsburg,Bayer Leverkusen,,11,11,57,double_poisson_alpha_1_0,703,1.0,10
2025-11-22 17:30:00,2025,30317,target_1x2,A,H,1.5920979017164465,1.5785442087150239,0.38516489047089775,0.23548510159727554,0.37935000793182666,0.6148351095291023,1,1,0.10549555143634298,1.0,A,FC Cologne,Eintracht Frankfurt,,11,11,58,double_poisson_alpha_1_0,708,1.0,10
2025-11-23 14:30:00,2025,30320,target_1x2,H,H,1.663537557563281,1.5264492336733453,0.4122487191314896,0.23411488175394948,0.353636399114561,0.5877512808685105,1,1,0.10454934462873089,1.0,H,RasenBallsport Leipzig,Werder Bremen,,11,11,59,double_poisson_alpha_1_0,709,1.0,10
2025-11-23 16:30:00,2025,30321,target_1x2,A,H,1.5952824434693123,1.5055758305315114,0.40032004084825135,0.23822241590847262,0.36145754324327617,0.5996799591517488,1,1,0.10810719084723668,1.0000000000000002,A,St. Pauli,Union Berlin,,11,11,60,double_poisson_alpha_1_0,710,1.0,10
2025-11-28 19:30:00,2025,30325,target_1x2,D,H,1.6035053245566713,1.5999261899898305,0.3837007731171763,0.23412688902243828,0.3821723378603855,0.6162992268828238,1,1,0.10421679764056953,1.0,D,Borussia M.Gladbach,RasenBallsport Leipzig,,12,12,61,double_poisson_alpha_1_0,711,1.0,10
2025-11-29 14:30:00,2025,30324,target_1x2,H,H,1.732958869495718,1.479194746638679,0.438066401081463,0.23184227979574185,0.3300913191227953,0.5619335989185372,1,1,0.10322693212401302,1.0000000000000002,H,Bayern Munich,St. Pauli,,12,12,62,double_poisson_alpha_1_0,712,1.0,10
2025-11-29 14:30:00,2025,30329,target_1x2,H,H,1.6456473104318896,1.5534303419128568,0.40267078048787797,0.2340505087906391,0.363278710721483,0.597329219512122,1,1,0.10430059269930655,1.0,H,Hoffenheim,Augsburg,,12,12,62,double_poisson_alpha_1_0,712,1.0,10
2025-11-29 14:30:00,2025,30330,target_1x2,A,H,1.6023036528421468,1.522372516817935,0.39863295343217,0.23724489439598265,0.36412215217184724,0.6013670465678299,1,1,0.10721020825908313,0.9999999999999999,A,Union Berlin,FC Heidenheim,,12,12,62,double_poisson_alpha_1_0,712,1.0,10
2025-11-29 14:30:00,2025,30331,target_1x2,D,H,1.625986244538255,1.534535716375039,0.40180944883070957,0.23566022952286655,0.36253032164642396,0.5981905511692905,1,1,0.10580266835472776,1.0000000000000002,D,Werder Bremen,FC Cologne,,12,12,62,double_poisson_alpha_1_0,712,1.0,10
2025-11-29 17:30:00,2025,30323,target_1x2,A,H,1.6697125437006388,1.5416920023713108,0.41063368620968066,0.2333078735653674,0.35605844022495203,0.5893663137903195,1,1,0.10373947738107084,1.0,A,Bayer Leverkusen,Borussia Dortmund,,,,63,double_poisson_alpha_1_0,716,1.0,10
2025-11-30 14:30:00,2025,30328,target_1x2,H,H,1.5980625495733138,1.5891036866254828,0.38451822150185877,0.2347981489093905,0.3806836295887509,0.6154817784981415,1,1,0.10485214028338462,1.0,H,Hamburger SV,VfB Stuttgart,,12,12,64,double_poisson_alpha_1_0,717,1.0,10
2025-11-30 16:30:00,2025,30326,target_1x2,D,H,1.6535691166530377,1.5297248174922962,0.40925521993361463,0.2344964209401531,0.35624835912623243,0.5907447800663855,1,1,0.10484522960634746,1.0000000000000002,D,Eintracht Frankfurt,Wolfsburg,,12,12,65,double_poisson_alpha_1_0,718,1.0,10
2025-11-30 18:30:00,2025,30327,target_1x2,H,H,1.5956511639427244,1.5366776153710613,0.3942149056296111,0.2370072001110726,0.36877789425931634,0.605785094370389,1,1,0.10694675557177485,1.0,H,Freiburg,Mainz 05,,12,12,66,double_poisson_alpha_1_0,719,1.0,10
2025-12-05 19:30:00,2025,30339,target_1x2,A,H,1.62030314846198,1.5412648607474104,0.3991322749467121,0.23568101062391972,0.36518671442936806,0.6008677250532878,1,1,0.1057844938427522,1.0,A,Mainz 05,Borussia M.Gladbach,,13,13,67,double_poisson_alpha_1_0,720,1.0,10
2025-12-06 14:30:00,2025,30332,target_1x2,A,A,1.6203258217799752,1.6435660944951715,0.37924987968740353,0.23165947578142948,0.38909064453116715,0.6207501203125967,1,1,0.10183551822650155,1.0,A,VfB Stuttgart,Bayern Munich,,13,13,68,double_poisson_alpha_1_0,721,1.0,10
2025-12-06 14:30:00,2025,30333,target_1x2,H,H,1.6083398750963478,1.5129685690356889,0.4019437817068948,0.23730538439195373,0.36075083390115137,0.5980562182931051,1,1,0.10731012524136527,0.9999999999999999,H,Wolfsburg,Union Berlin,,13,13,68,double_poisson_alpha_1_0,721,1.0,10
2025-12-06 14:30:00,2025,30334,target_1x2,H,A,1.55448688449594,1.6235441519549925,0.3676862893727785,0.2350362727939415,0.39727743783328007,0.6323137106272215,1,1,0.1051598174169848,1.0000000000000002,H,Augsburg,Bayer Leverkusen,,13,13,68,double_poisson_alpha_1_0,721,1.0,10
2025-12-06 14:30:00,2025,30336,target_1x2,D,H,1.590934163994091,1.5218124954064776,0.3960438766969774,0.2378092254022492,0.3661468979007737,0.6039561233030228,1,1,0.10768734161231157,1.0000000000000002,D,FC Cologne,St. Pauli,,13,13,68,double_poisson_alpha_1_0,721,1.0,10
2025-12-06 14:30:00,2025,30338,target_1x2,H,H,1.5982901298278713,1.555041863681813,0.3912182135796922,0.23616286671338393,0.37261891970692385,0.6087817864203078,1,1,0.10615073811959616,1.0,H,FC Heidenheim,Freiburg,,13,13,68,double_poisson_alpha_1_0,721,1.0,10
2025-12-06 17:30:00,2025,30340,target_1x2,H,H,1.6425136092683836,1.5435839538045433,0.40389336527670106,0.23454835862571483,0.361558276097584,0.5961066347232988,1,1,0.10479357138673354,0.9999999999999999,H,RasenBallsport Leipzig,Eintracht Frankfurt,,13,13,69,double_poisson_alpha_1_0,726,1.0,10
2025-12-07 14:30:00,2025,30337,target_1x2,H,H,1.6239417739743853,1.541546020171923,0.3999336911274445,0.2354996682255535,0.36456664064700195,0.6000663088725554,1,1,0.10562654306993531,1.0,H,Hamburger SV,Werder Bremen,,13,13,70,double_poisson_alpha_1_0,727,1.0,10
2025-12-07 16:30:00,2025,30335,target_1x2,H,H,1.6887160501143712,1.5404092743506885,0.41531614252671145,0.23242092222367516,0.3522629352496136,0.5846838574732888,1,1,0.10299151484909731,1.0000000000000002,H,Borussia Dortmund,Hoffenheim,,,,71,double_poisson_alpha_1_0,728,1.0,10
2025-12-12 19:30:00,2025,30348,target_1x2,H,A,1.5560694921818892,1.5809675581767384,0.3761862242554976,0.23689438896083362,0.38691938678366883,0.6238137757445025,1,1,0.10679577356399482,1.0,H,Union Berlin,RasenBallsport Leipzig,,14,14,72,double_poisson_alpha_1_0,729,1.0,10
2025-12-13 14:30:00,2025,30343,target_1x2,A,H,1.6334006254693976,1.5508742062233936,0.4003072143228672,0.23471426501727086,0.3649785206598618,0.5996927856771327,1,1,0.1048953659046027,0.9999999999999999,A,Borussia M.Gladbach,Wolfsburg,,14,14,73,double_poisson_alpha_1_0,730,1.0,10
2025-12-13 14:30:00,2025,30344,target_1x2,H,H,1.6580370691857078,1.5219759234097483,0.41185986732241175,0.23453622952641054,0.35360390315117785,0.5881401326775884,1,1,0.10493972533355436,1.0000000000000002,H,Eintracht Frankfurt,Augsburg,,14,14,73,double_poisson_alpha_1_0,730,1.0,10
2025-12-13 14:30:00,2025,30346,target_1x2,H,H,1.6381103046011711,1.5681237108811263,0.39800263802887925,0.23386457808876918,0.36813278388235166,0.6019973619711209,1,1,0.1040575804134825,1.0,H,Hoffenheim,Hamburger SV,,14,14,73,double_poisson_alpha_1_0,730,1.0,10
2025-12-13 14:30:00,2025,30347,target_1x2,H,H,1.610556838817008,1.513928499475002,0.40227748602346786,0.23716143531050127,0.3605610786660308,0.5977225139765321,1,1,0.10718516471105816,0.9999999999999998,H,St. Pauli,FC Heidenheim,,14,14,73,double_poisson_alpha_1_0,730,1.0,10
2025-12-13 17:30:00,2025,30341,target_1x2,H,H,1.699734021762306,1.4865909996167699,0.428812505745084,0.23346086808747107,0.33772662616744475,0.5711874942549158,1,1,0.10441649046152728,0.9999999999999998,H,Bayer Leverkusen,FC Cologne,,14,14,74,double_poisson_alpha_1_0,734,1.0,10
2025-12-14 14:30:00,2025,30345,target_1x2,D,H,1.5912821058940463,1.5869330268358943,0.3833453966081237,0.23517307774226845,0.3814815256496079,0.6166546033918764,1,1,0.10520211798144975,0.9999999999999999,D,Freiburg,Borussia Dortmund,,,,75,double_poisson_alpha_1_0,735,1.0,10
2025-12-14 16:30:00,2025,30342,target_1x2,D,H,1.7363053365161094,1.4869428616903122,0.4372416362887205,0.23146299920771637,0.331295364503563,0.5627583637112794,1,1,0.10282091731530733,0.9999999999999999,D,Bayern Munich,Mainz 05,,14,14,76,double_poisson_alpha_1_0,736,1.0,10
2025-12-14 18:30:00,2025,30349,target_1x2,A,H,1.6061492535683275,1.5897623387934596,0.38628776108094987,0.23442971875796,0.37928252016109004,0.61371223891905,1,1,0.10450843286313105,1.0,A,Werder Bremen,VfB Stuttgart,,14,14,77,double_poisson_alpha_1_0,737,1.0,10
2025-12-19 19:30:00,2025,30351,target_1x2,H,H,1.6790298066554852,1.5269359087486432,0.4157716019562177,0.23332783455600023,0.350900563487782,0.5842283980437822,1,1,0.10388336168349252,1.0,H,Borussia Dortmund,Borussia M.Gladbach,,,,78,double_poisson_alpha_1_0,738,1.0,10
2025-12-20 14:30:00,2025,30350,target_1x2,D,H,1.6090753099020076,1.5487212288075356,0.395008878519032,0.23591976042218027,0.3690713610587876,0.6049911214809678,1,1,0.10595855100049546,0.9999999999999999,D,Augsburg,Werder Bremen,,15,15,79,double_poisson_alpha_1_0,739,1.0,10
2025-12-20 14:30:00,2025,30352,target_1x2,A,H,1.6020208469632724,1.5166263430979685,0.39971218018351007,0.23747607435282922,0.36281174546366074,0.6002878198164899,1,1,0.10743245317729459,1.0,A,FC Cologne,Union Berlin,,15,15,79,double_poisson_alpha_1_0,739,1.0,10
2025-12-20 14:30:00,2025,30353,target_1x2,D,H,1.6156812426604024,1.5696714985113291,0.39244246856990295,0.2348118093948192,0.3727457220352779,0.607557531430097,1,1,0.10490189588236287,1.0,D,Hamburger SV,Eintracht Frankfurt,,15,15,79,double_poisson_alpha_1_0,739,1.0,10
2025-12-20 14:30:00,2025,30357,target_1x2,D,H,1.6911362131098324,1.5453132389710877,0.41489403781922796,0.23214739034826307,0.3529585718325091,0.5851059621807722,1,1,0.10271242354046421,1.0,D,VfB Stuttgart,Hoffenheim,,15,15,79,double_poisson_alpha_1_0,739,1.0,10
2025-12-20 14:30:00,2025,30358,target_1x2,A,H,1.6190033817588239,1.539250561628745,0.39922568458510643,0.235817119893339,0.3649571955215548,0.6007743154148938,1,1,0.10591191401306446,1.0000000000000002,A,Wolfsburg,Freiburg,,15,15,79,double_poisson_alpha_1_0,739,1.0,10
2025-12-20 17:30:00,2025,30356,target_1x2,A,H,1.60942910643825,1.5796945344375934,0.3890153415447122,0.23469246250287681,0.376292195952411,0.6109846584552878,1,1,0.10476740030027497,1.0,A,RasenBallsport Leipzig,Bayer Leverkusen,,15,15,80,double_poisson_alpha_1_0,744,1.0,10
2025-12-21 14:30:00,2025,30355,target_1x2,D,H,1.5919909017749436,1.5041844221233542,0.39981434685320094,0.23843697061481836,0.36174868253198067,0.6001856531467991,1,1,0.10829036309555758,1.0,D,Mainz 05,St. Pauli,,15,15,81,double_poisson_alpha_1_0,745,1.0,10
2025-12-21 16:30:00,2025,30354,target_1x2,A,A,1.5524104616430316,1.6778246205802096,0.35705656424131044,0.23256241696827393,0.41038101879041566,0.6429434357586896,1,1,0.10301011032497964,1.0,A,FC Heidenheim,Bayern Munich,,15,15,82,double_poisson_alpha_1_0,746,1.0,10
2026-01-09 19:30:00,2025,30362,target_1x2,D,H,1.6140300720560812,1.5743749542944425,0.3911339448719838,0.23470145335113496,0.37416460177688105,0.6088660551280161,1,1,0.10478837010039879,0.9999999999999999,D,Eintracht Frankfurt,Borussia Dortmund,,,,83,double_poisson_alpha_1_0,747,1.0,10
2026-01-10 14:30:00,2025,30363,target_1x2,H,H,1.6128517351924618,1.5462741815367993,0.39638317420959895,0.23583946270891282,0.36777736308148823,0.6036168257904011,1,1,0.10589854593180577,1.0,H,Freiburg,Hamburger SV,,16,16,84,double_poisson_alpha_1_0,748,1.0,10
2026-01-10 14:30:00,2025,30364,target_1x2,D,H,1.5989808408195876,1.542169956959233,0.3939175637338464,0.23663827839911222,0.36944415786704116,0.6060824362661534,1,1,0.1066083054083814,0.9999999999999998,D,FC Heidenheim,FC Cologne,,16,16,84,double_poisson_alpha_1_0,748,1.0,10
2026-01-10 14:30:00,2025,30366,target_1x2,D,H,1.5702286798972618,1.5251612997058746,0.39044698413287726,0.2386500061956876,0.37090300967143514,0.6095530158671227,1,1,0.1083846787295686,1.0,D,Union Berlin,Mainz 05,,16,16,84,double_poisson_alpha_1_0,748,1.0,10
2026-01-10 17:30:00,2025,30359,target_1x2,A,H,1.6696020424067204,1.5415713963859226,0.41063204384733,0.2333172341169479,0.3560507220357222,0.5893679561526701,1,1,0.10374847121327925,1.0,A,Bayer Leverkusen,VfB Stuttgart,,16,16,85,double_poisson_alpha_1_0,751,1.0,10
2026-01-11 14:30:00,2025,30361,target_1x2,H,H,1.6296775111695208,1.5392018645177332,0.4017498280441705,0.23531477302488474,0.36293539893094484,0.5982501719558295,1,1,0.10548007419779748,0.9999999999999999,H,Borussia M.Gladbach,Augsburg,,16,16,86,double_poisson_alpha_1_0,752,1.0,10
2026-01-11 16:30:00,2025,30360,target_1x2,H,H,1.7521056152009058,1.500341973972829,0.4381297873805268,0.23026809897010483,0.3316021136493684,0.5618702126194732,1,1,0.10167882062519892,1.0,H,Bayern Munich,Wolfsburg,,16,16,87,double_poisson_alpha_1_0,753,1.0,10
2026-01-13 17:30:00,2025,30375,target_1x2,H,H,1.664263104338085,1.553819001279568,0.4069423196854685,0.2331609595455497,0.3598967207689816,0.5930576803145313,1,1,0.1035206791419426,0.9999999999999999,H,VfB Stuttgart,Eintracht Frankfurt,,17,17,88,double_poisson_alpha_1_0,754,1.0,10
2026-01-13 19:30:00,2025,30369,target_1x2,H,H,1.6738966947390195,1.5206370802335256,0.41584349924339964,0.23378579284384216,0.3503707079127582,0.5841565007566003,1,1,0.10432438603344737,1.0,H,Borussia Dortmund,Werder Bremen,,,,89,double_poisson_alpha_1_0,755,1.0,10
2026-01-13 19:30:00,2025,30373,target_1x2,H,H,1.6290492511922254,1.514289897820503,0.4065821645046327,0.23623845485748096,0.3571793806378864,0.5934178354953674,1,1,0.10641635823565608,1.0,H,Mainz 05,FC Heidenheim,,17,17,89,double_poisson_alpha_1_0,755,1.0,10
2026-01-14 17:30:00,2025,30376,target_1x2,H,H,1.609443853397493,1.5297712127315506,0.39885155133859085,0.2366243335796681,0.364524115081741,0.6011484486614092,1,1,0.10664942885289123,0.9999999999999999,H,Wolfsburg,St. Pauli,,17,17,90,double_poisson_alpha_1_0,757,1.0,10
2026-01-14 19:30:00,2025,30370,target_1x2,A,A,1.5628269104839059,1.6797452979940992,0.3591217496256973,0.23212612931818474,0.4087521210561179,0.6408782503743027,1,1,0.10254703255609293,1.0,A,FC Cologne,Bayern Munich,,17,17,91,double_poisson_alpha_1_0,758,1.0,10
2026-01-14 19:30:00,2025,30372,target_1x2,H,H,1.6564629244374591,1.5740365401582952,0.40111971933678475,0.23281751348432797,0.3660627671788872,0.5988802806632152,1,1,0.10308807702700676,1.0,H,Hoffenheim,Borussia M.Gladbach,,17,17,91,double_poisson_alpha_1_0,758,1.0,10
2026-01-14 19:30:00,2025,30374,target_1x2,H,H,1.6651484194539756,1.517815771876471,0.41436551280953415,0.23431701652387704,0.3513174706665889,0.585634487190466,1,1,0.10479202347732479,1.0,H,RasenBallsport Leipzig,Freiburg,,17,17,91,double_poisson_alpha_1_0,758,1.0,10
2026-01-15 19:30:00,2025,30368,target_1x2,D,H,1.6032063653729836,1.5232605022663404,0.39867014789574423,0.23716796216083597,0.36416188994341986,0.6013298521042558,1,1,0.10714114940134441,1.0,D,Augsburg,Union Berlin,,17,17,92,double_poisson_alpha_1_0,761,1.0,10
2026-01-16 19:30:00,2025,30384,target_1x2,D,H,1.617854265680311,1.5794316970570315,0.39104245720839115,0.2343364157222273,0.3746211270693817,0.608957542791609,1,1,0.10444234086796873,1.0,D,Werder Bremen,Eintracht Frankfurt,,18,18,93,double_poisson_alpha_1_0,762,1.0,10
2026-01-17 14:30:00,2025,30378,target_1x2,H,H,1.6603825648403785,1.4959759190655437,0.4176717227716111,0.23526347432313227,0.34706480290525676,0.5823282772283891,1,1,0.10576541907795078,1.0,H,Borussia Dortmund,St. Pauli,,,,94,double_poisson_alpha_1_0,763,1.0,10
2026-01-17 14:30:00,2025,30379,target_1x2,H,H,1.5956308679047755,1.5405255585580637,0.39344932236955504,0.23685721222936004,0.36969346540108483,0.6065506776304449,1,1,0.10680360375902066,1.0,H,FC Cologne,Mainz 05,,18,18,94,double_poisson_alpha_1_0,763,1.0,10
2026-01-17 14:30:00,2025,30380,target_1x2,D,H,1.644592531819683,1.5565485507372334,0.4018057151173805,0.233988185936391,0.36420609894622846,0.5981942848826195,1,1,0.1042276815180338,1.0,D,Hamburger SV,Borussia M.Gladbach,,18,18,94,double_poisson_alpha_1_0,763,1.0,10
2026-01-17 14:30:00,2025,30381,target_1x2,H,A,1.6065717968987725,1.6346027663507867,0.3777645607013691,0.2325640840315243,0.38967135526710645,0.6222354392986307,1,1,0.1027278362261617,0.9999999999999999,H,Hoffenheim,Bayer Leverkusen,,18,18,94,double_poisson_alpha_1_0,763,1.0,10
2026-01-17 14:30:00,2025,30385,target_1x2,D,H,1.6450122284675102,1.5364273720542496,0.40590651973506603,0.23468099515785543,0.3594124851070784,0.5940934802649338,1,1,0.10495412284668093,0.9999999999999999,D,Wolfsburg,FC Heidenheim,,18,18,94,double_poisson_alpha_1_0,763,1.0,10
2026-01-17 17:30:00,2025,30382,target_1x2,A,A,1.617290871178573,1.6438394376401335,0.378494621657552,0.23176490011735196,0.38974047822509605,0.621505378342448,1,1,0.10194281756799031,1.0,A,RasenBallsport Leipzig,Bayern Munich,,18,18,95,double_poisson_alpha_1_0,768,1.0,10
2026-01-18 14:30:00,2025,30383,target_1x2,D,H,1.670783892806479,1.4986816128699112,0.41956502893752234,0.2346368954351396,0.3457980756273381,0.5804349710624777,1,1,0.105232110157673,1.0,D,VfB Stuttgart,Union Berlin,,18,18,96,double_poisson_alpha_1_0,769,1.0,10
2026-01-18 16:30:00,2025,30377,target_1x2,D,H,1.6065803185907672,1.5490468241904898,0.39435587437914726,0.2360215756206899,0.36962255000016264,0.6056441256208526,1,1,0.10604630307235864,1.0,D,Augsburg,Freiburg,,18,18,97,double_poisson_alpha_1_0,770,1.0,10
2026-01-23 19:30:00,2025,30393,target_1x2,D,H,1.597445490727806,1.5361402738827716,0.3947464693537326,0.23694473165641775,0.36830879898984953,0.6052535306462673,1,1,0.1068951293317575,0.9999999999999999,D,St. Pauli,Hamburger SV,,19,19,98,double_poisson_alpha_1_0,771,1.0,10
2026-01-24 14:30:00,2025,30386,target_1x2,H,H,1.7002469994823821,1.5027411346589614,0.4256263175657531,0.23297287761692165,0.34140080481732527,0.5743736824342469,1,1,0.10383795330409185,1.0,H,Bayer Leverkusen,Werder Bremen,,19,19,99,double_poisson_alpha_1_0,772,1.0,10
2026-01-24 14:30:00,2025,30387,target_1x2,A,H,1.7689343330573715,1.4831886546204824,0.44554246626754124,0.22974528759896404,0.3247122461334946,0.5544575337324587,1,1,0.10151472393855775,1.0,A,Bayern Munich,Augsburg,,19,19,99,double_poisson_alpha_1_0,772,1.0,10
2026-01-24 14:30:00,2025,30389,target_1x2,A,H,1.6710619821706696,1.562213868268879,0.40685646381432106,0.2325548524202457,0.3605886837654333,0.5931435361856789,1,1,0.1029293398442595,1.0,A,Eintracht Frankfurt,Hoffenheim,,19,19,99,double_poisson_alpha_1_0,772,1.0,10
2026-01-24 14:30:00,2025,30391,target_1x2,A,A,1.5773111665007642,1.5984951392614926,0.377828799361906,0.235260693592361,0.38691050704573293,0.622171200638094,1,1,0.10529155599150608,1.0,A,FC Heidenheim,RasenBallsport Leipzig,,19,19,99,double_poisson_alpha_1_0,772,1.0,10
2026-01-24 14:30:00,2025,30392,target_1x2,H,H,1.6185004268308583,1.530138193109888,0.4009194748511725,0.23617898817662683,0.3629015369722006,0.5990805251488275,1,1,0.10626912278520773,1.0,H,Mainz 05,Wolfsburg,,19,19,99,double_poisson_alpha_1_0,772,1.0,10
2026-01-24 17:30:00,2025,30394,target_1x2,A,A,1.5647020031588803,1.5856654315613343,0.37732384787436807,0.23633248914221283,0.3863436629834192,0.6226761521256321,1,1,0.10628109105244202,1.0,A,Union Berlin,Borussia Dortmund,,,,100,double_poisson_alpha_1_0,777,1.0,10
2026-01-25 14:30:00,2025,30388,target_1x2,A,H,1.609256273028814,1.6042743961384902,0.3842065021191555,0.23371143418525891,0.3820820636955858,0.6157934978808447,1,1,0.10382100437938126,1.0000000000000002,A,Borussia M.Gladbach,VfB Stuttgart,,19,19,101,double_poisson_alpha_1_0,778,1.0,10
2026-01-25 16:30:00,2025,30390,target_1x2,H,H,1.6231103115105456,1.5326969881656267,0.40149769226460175,0.23586466132362313,0.3626376464117751,0.5985023077353983,1,1,0.10598749910196024,1.0,H,Freiburg,FC Cologne,,19,19,102,double_poisson_alpha_1_0,779,1.0,10
2026-01-27 19:30:00,2025,30365,target_1x2,D,A,1.5670879892655976,1.5704616186585014,0.38082721639572903,0.2368913224327485,0.3822814611715224,0.6191727836042709,1,1,0.10678253519701725,1.0,D,St. Pauli,RasenBallsport Leipzig,,16,16,103,double_poisson_alpha_1_0,780,1.0,10
2026-01-27 19:30:00,2025,30367,target_1x2,A,H,1.6343122554376301,1.5745006312225465,0.3958604406510184,0.23379834586085044,0.3703412134881312,0.6041395593489817,1,1,0.10397002451345014,1.0,A,Werder Bremen,Hoffenheim,,16,16,103,double_poisson_alpha_1_0,780,1.0,10
2026-01-30 19:30:00,2025,30398,target_1x2,H,H,1.6114633000292,1.5482021467966718,0.39567465736645313,0.2358299156757304,0.36849542695781645,0.6043253426335469,1,1,0.10588216584458487,1.0,H,FC Cologne,Wolfsburg,,20,20,104,double_poisson_alpha_1_0,782,1.0,10
2026-01-31 14:30:00,2025,30395,target_1x2,H,H,1.5855398361942536,1.5227300267813018,0.39457811327325654,0.23802915796281404,0.3673927287639293,0.6054218867267434,1,1,0.10786874350768415,1.0,H,Augsburg,St. Pauli,,20,20,105,double_poisson_alpha_1_0,783,1.0,10
2026-01-31 14:30:00,2025,30397,target_1x2,A,A,1.602595215593847,1.6060482684510846,0.38230703861099513,0.23391241211045044,0.3837805492785546,0.617692961389005,1,1,0.10401267742610797,1.0,A,Eintracht Frankfurt,Bayer Leverkusen,,20,20,105,double_poisson_alpha_1_0,783,1.0,10
2026-01-31 14:30:00,2025,30400,target_1x2,H,H,1.6387993006556056,1.526647384753808,0.40640235307023,0.2353244901726998,0.3582731567570701,0.5935976469297699,1,1,0.1055670728826258,0.9999999999999998,H,Hoffenheim,Union Berlin,,20,20,105,double_poisson_alpha_1_0,783,1.0,10
2026-01-31 14:30:00,2025,30401,target_1x2,A,H,1.6416581359398326,1.5070460647023172,0.4110174527822087,0.2358589706576558,0.35312357656013527,0.5889825472177911,1,1,0.10615596219718268,0.9999999999999999,A,RasenBallsport Leipzig,Mainz 05,,20,20,105,double_poisson_alpha_1_0,783,1.0,10
2026-01-31 14:30:00,2025,30403,target_1x2,D,H,1.6284269735418098,1.5564757770025746,0.39803149245362845,0.2347377132654096,0.3672307942809617,0.6019685075463713,1,1,0.10488779698895294,0.9999999999999999,D,Werder Bremen,Borussia M.Gladbach,,20,20,105,double_poisson_alpha_1_0,783,1.0,10
2026-01-31 17:30:00,2025,30399,target_1x2,D,A,1.5725646932919755,1.6691786986715835,0.36334470760881893,0.23228783519363763,0.4043674571975435,0.6366552923911811,1,1,0.10262190863823589,1.0,D,Hamburger SV,Bayern Munich,,20,20,106,double_poisson_alpha_1_0,788,1.0,10
2026-02-01 14:30:00,2025,30402,target_1x2,H,H,1.6688989895177142,1.5226626501131415,0.4142659825465144,0.23397162074908212,0.3517623967044034,0.5857340174534855,1,1,0.10446147116990973,1.0,H,VfB Stuttgart,Freiburg,,20,20,107,double_poisson_alpha_1_0,789,1.0,10
2026-02-01 16:30:00,2025,30396,target_1x2,H,H,1.6842571060223885,1.4969079951257096,0.42308340775553976,0.23398562510937368,0.34293096713508653,0.5769165922444602,1,1,0.10472275210194774,1.0,H,Borussia Dortmund,FC Heidenheim,,,,108,double_poisson_alpha_1_0,790,1.0,10
2026-02-06 19:30:00,2025,30411,target_1x2,D,H,1.5846298873440587,1.5701081191164898,0.38504499662657893,0.23615435604306986,0.3788006473303511,0.614955003373421,1,1,0.10611385544998364,1.0,D,Union Berlin,Eintracht Frankfurt,,21,21,109,double_poisson_alpha_1_0,791,1.0,10
2026-02-07 14:30:00,2025,30407,target_1x2,H,H,1.6203302747847945,1.5409536603038179,0.39920042662753136,0.2356913247032079,0.3651082486692607,0.6007995733724686,1,1,0.10579495461976698,0.9999999999999999,H,Freiburg,Werder Bremen,,21,21,110,double_poisson_alpha_1_0,792,1.0,10
2026-02-07 14:30:00,2025,30408,target_1x2,A,H,1.593276450803984,1.5621458672586033,0.3886411592261504,0.23610211718272117,0.3752567235911286,0.6113588407738497,1,1,0.10607919627029741,1.0000000000000002,A,FC Heidenheim,Hamburger SV,,21,21,110,double_poisson_alpha_1_0,792,1.0,10
2026-02-07 14:30:00,2025,30409,target_1x2,H,H,1.6117531362929407,1.5125852740872778,0.4028302927636042,0.23715228282991951,0.3600174244064761,0.5971697072363956,1,1,0.10718535747584956,0.9999999999999999,H,Mainz 05,Augsburg,,21,21,110,double_poisson_alpha_1_0,792,1.0,10
2026-02-07 14:30:00,2025,30410,target_1x2,H,A,1.5676468826999885,1.5766577395115986,0.3797592020587224,0.23660112619144802,0.38363967174982977,0.6202407979412778,1,1,0.10652008966940388,0.9999999999999999,H,St. Pauli,VfB Stuttgart,,21,21,110,double_poisson_alpha_1_0,792,1.0,10
2026-02-07 14:30:00,2025,30412,target_1x2,A,A,1.587194428439716,1.5991360877309935,0.3800285495341012,0.23483101288369954,0.3851404375821995,0.6199714504658991,1,1,0.10488413328114639,1.0,A,Wolfsburg,Borussia Dortmund,,,,110,double_poisson_alpha_1_0,792,1.0,10
2026-02-07 17:30:00,2025,30405,target_1x2,D,A,1.5772062516016572,1.6199052466412223,0.3737088046690556,0.23433315590083825,0.39195803943010615,0.6262911953309445,1,1,0.10444561708694994,1.0,D,Borussia M.Gladbach,Bayer Leverkusen,,21,21,111,double_poisson_alpha_1_0,797,1.0,10
2026-02-08 14:30:00,2025,30406,target_1x2,A,A,1.5712390667313456,1.5794512578378503,0.3800682286690765,0.23633024346943826,0.38360152786148516,0.6199317713309234,1,1,0.10627254340625249,0.9999999999999999,A,FC Cologne,RasenBallsport Leipzig,,21,21,112,double_poisson_alpha_1_0,798,1.0,10
2026-02-08 16:30:00,2025,30404,target_1x2,H,H,1.7621482491251121,1.5229591546685999,0.4358015452602645,0.22917135876321137,0.3350270959765239,0.5641984547397353,1,1,0.1004677510136002,0.9999999999999999,H,Bayern Munich,Hoffenheim,,21,21,113,double_poisson_alpha_1_0,799,1.0,10
2026-02-13 19:30:00,2025,30415,target_1x2,H,H,1.6485735590806312,1.505606606105518,0.41293836525719274,0.2355569436250984,0.3515046911177089,0.5870616347428073,1,1,0.1059197143867544,1.0,H,Borussia Dortmund,Mainz 05,,,,114,double_poisson_alpha_1_0,800,1.0,10
2026-02-14 14:30:00,2025,30414,target_1x2,H,H,1.6706033397271125,1.4741069370998157,0.42454728332149544,0.23539732317029924,0.34005539350820513,0.5754527166785044,1,1,0.10608940528128831,0.9999999999999998,H,Bayer Leverkusen,St. Pauli,,22,22,115,double_poisson_alpha_1_0,801,1.0,10
2026-02-14 14:30:00,2025,30416,target_1x2,H,H,1.6583482812084478,1.5448008182389783,0.4073585408838789,0.2337508856459996,0.3588905734701215,0.5926414591161211,1,1,0.10409701043820464,1.0,H,Eintracht Frankfurt,Borussia M.Gladbach,,22,22,115,double_poisson_alpha_1_0,801,1.0,10
2026-02-14 14:30:00,2025,30417,target_1x2,H,H,1.6146185689586658,1.5057599615950794,0.4048800918014663,0.23725960549431396,0.35786030270421976,0.5951199081985337,1,1,0.10731551412444111,0.9999999999999999,H,Hamburger SV,Union Berlin,,22,22,115,double_poisson_alpha_1_0,801,1.0,10
2026-02-14 14:30:00,2025,30418,target_1x2,H,H,1.641443521804023,1.5534840103258756,0.4016758289885987,0.23424486867175393,0.3640793023396475,0.5983241710114015,1,1,0.10447041851142899,1.0,H,Hoffenheim,Freiburg,,22,22,115,double_poisson_alpha_1_0,801,1.0,10
2026-02-14 14:30:00,2025,30421,target_1x2,A,A,1.5683122904814397,1.6769138616188324,0.3609194390143702,0.23207498392517123,0.40700557706045853,0.6390805609856298,1,1,0.10246121234152451,1.0,A,Werder Bremen,Bayern Munich,,22,22,115,double_poisson_alpha_1_0,801,1.0,10
2026-02-14 17:30:00,2025,30420,target_1x2,H,H,1.6702560025053361,1.5040216345537234,0.4183555929899143,0.23449728659958252,0.3471471204105031,0.5816444070100857,1,1,0.10506688649808342,1.0,H,VfB Stuttgart,FC Cologne,,22,22,116,double_poisson_alpha_1_0,806,1.0,10
2026-02-15 14:30:00,2025,30413,target_1x2,H,H,1.620921011997595,1.5255170824088444,0.4024130782789469,0.23623239879796382,0.3613545229230893,0.5975869217210531,1,1,0.10634038422185489,1.0,H,Augsburg,FC Heidenheim,,22,22,117,double_poisson_alpha_1_0,807,1.0,10
2026-02-15 16:30:00,2025,30419,target_1x2,D,H,1.6658282623661378,1.511522297969729,0.4157967902387855,0.2344858950014744,0.34971731475974016,0.5842032097612145,1,1,0.10498783230205254,1.0,D,RasenBallsport Leipzig,Wolfsburg,,22,22,118,double_poisson_alpha_1_0,808,1.0,10
2026-02-20 19:30:00,2025,30426,target_1x2,D,H,1.6035591942439122,1.5288664471769549,0.39763810918126896,0.23693792738891384,0.3654239634298172,0.602361890818731,1,1,0.10692010457055509,1.0,D,Mainz 05,Hamburger SV,,23,23,119,double_poisson_alpha_1_0,809,1.0,10
2026-02-21 14:30:00,2025,30422,target_1x2,H,H,1.7519792636411275,1.5247527481976595,0.43310264852325064,0.22965925290709227,0.33723809856965703,0.5668973514767492,1,1,0.10084671475898034,1.0,H,Bayern Munich,Eintracht Frankfurt,,23,23,120,double_poisson_alpha_1_0,810,1.0,10
2026-02-21 14:30:00,2025,30423,target_1x2,D,H,1.6159042684956442,1.5693785907994713,0.3925522555102522,0.23481326795613747,0.37263447653361037,0.6074477444897478,1,1,0.10490412913492275,1.0,D,FC Cologne,Hoffenheim,,23,23,120,double_poisson_alpha_1_0,810,1.0,10
2026-02-21 14:30:00,2025,30429,target_1x2,H,A,1.543234823398756,1.604989949373716,0.3685523572251058,0.23631949852543485,0.3951281442494594,0.6314476427748943,1,1,0.10632800985045497,1.0000000000000002,H,Union Berlin,Bayer Leverkusen,,23,23,120,double_poisson_alpha_1_0,810,1.0,10
2026-02-21 14:30:00,2025,30430,target_1x2,A,H,1.619631637169508,1.5302526235706837,0.401163807001619,0.23612068046533982,0.36271551253304124,0.5988361929983811,1,1,0.10621895664775159,1.0,A,Wolfsburg,Augsburg,,23,23,120,double_poisson_alpha_1_0,810,1.0,10
2026-02-21 17:30:00,2025,30427,target_1x2,D,H,1.62833750124328,1.5638086979753636,0.39656410459780317,0.23446786741363967,0.36896802798855693,0.6034358954021966,1,1,0.10461562875709984,1.0,D,RasenBallsport Leipzig,Borussia Dortmund,,,,121,double_poisson_alpha_1_0,814,1.0,10
2026-02-22 14:30:00,2025,30424,target_1x2,H,H,1.6293991618776666,1.5467785970006547,0.4001792980138411,0.2350510279014753,0.36476967408468364,0.599820701986159,1,1,0.10521052031787356,1.0,H,Freiburg,Borussia M.Gladbach,,23,23,122,double_poisson_alpha_1_0,815,1.0,10
2026-02-22 16:30:00,2025,30428,target_1x2,H,H,1.5990921739995643,1.5246578325062736,0.3974158887295749,0.2373110693947356,0.36527304187568965,0.6025841112704252,1,1,0.10725523439892808,1.0,H,St. Pauli,Werder Bremen,,23,23,123,double_poisson_alpha_1_0,816,1.0,10
2026-02-22 18:30:00,2025,30425,target_1x2,D,A,1.5757940717915566,1.6054960516842764,0.37612910120605947,0.23501848092191263,0.38885241787202784,0.6238708987939405,1,1,0.10507319983975794,1.0,D,FC Heidenheim,VfB Stuttgart,,23,23,124,double_poisson_alpha_1_0,817,1.0,10
2026-02-27 19:30:00,2025,30431,target_1x2,H,H,1.6093236078305244,1.530370891302776,0.3987038096623272,0.2366074409976851,0.36468874933998774,0.6012961903376728,1,1,0.10663212961682522,1.0,H,Augsburg,FC Cologne,,24,24,125,double_poisson_alpha_1_0,818,1.0,10
2026-02-28 14:30:00,2025,30432,target_1x2,D,H,1.6742918099530444,1.4878509323617706,0.42259770443262845,0.23478518290180267,0.3426171126655688,0.5774022955673714,1,1,0.10546040390593188,1.0,D,Bayer Leverkusen,Mainz 05,,24,24,126,double_poisson_alpha_1_0,819,1.0,10
2026-02-28 14:30:00,2025,30433,target_1x2,H,H,1.6230665058228073,1.525108342953655,0.40300147199721614,0.23614360164891413,0.36085492635386995,0.5969985280027841,1,1,0.10626788755438714,1.0000000000000002,H,Borussia M.Gladbach,Union Berlin,,24,24,126,double_poisson_alpha_1_0,819,1.0,10
2026-02-28 14:30:00,2025,30437,target_1x2,A,H,1.6358409149311695,1.5301839085778906,0.40499858040448816,0.2353434735288585,0.35965794606665336,0.5950014195955119,1,1,0.10555956371021567,1.0,A,Hoffenheim,St. Pauli,,24,24,126,double_poisson_alpha_1_0,819,1.0,10
2026-02-28 14:30:00,2025,30439,target_1x2,H,H,1.6350378295772905,1.527668888102498,0.4053124476686314,0.23547152979726602,0.35921602253410256,0.5946875523313686,1,1,0.10568441894520766,1.0,H,Werder Bremen,FC Heidenheim,,24,24,126,double_poisson_alpha_1_0,819,1.0,10
2026-02-28 17:30:00,2025,30434,target_1x2,A,A,1.6239930932059818,1.6389875001231735,0.3809724210834785,0.2317051114071613,0.38732246750936034,0.6190275789165216,1,1,0.1018744678141928,1.0,A,Borussia Dortmund,Bayern Munich,,,,127,double_poisson_alpha_1_0,823,1.0,10
2026-03-01 14:30:00,2025,30438,target_1x2,H,H,1.678493978270457,1.5174052282208348,0.4175711581808656,0.2336555014539618,0.3487733403651725,0.5824288418191343,1,1,0.10424613772434292,1.0,H,VfB Stuttgart,Wolfsburg,,24,24,128,double_poisson_alpha_1_0,824,1.0,10
2026-03-01 16:30:00,2025,30435,target_1x2,H,H,1.64990897309214,1.5330208880010419,0.407736468155097,0.23456230360781372,0.3577012282370893,0.592263531844903,1,1,0.10487674062876647,1.0,H,Eintracht Frankfurt,Freiburg,,24,24,129,double_poisson_alpha_1_0,825,1.0,10
2026-03-01 18:30:00,2025,30436,target_1x2,A,H,1.5952630350680261,1.568891856739286,0.38779104286985866,0.2357420655250839,0.3764668916050576,0.6122089571301415,1,1,0.10574267712670307,1.0000000000000002,A,Hamburger SV,RasenBallsport Leipzig,,24,24,130,double_poisson_alpha_1_0,826,1.0,10
2026-03-04 19:30:00,2025,30371,target_1x2,A,A,1.5743836018095467,1.5964863230874011,0.37752576885438965,0.23546624300517052,0.3870079881404398,0.6224742311456103,1,1,0.10548347991328794,1.0,A,Hamburger SV,Bayer Leverkusen,,17,17,131,double_poisson_alpha_1_0,827,1.0,10
2026-03-06 19:30:00,2025,30440,target_1x2,H,H,1.7683084879273323,1.4998974207440128,0.44194526663641676,0.2293975209363991,0.3286572124271844,0.5580547333635835,1,1,0.10098475077600949,1.0,H,Bayern Munich,Borussia M.Gladbach,,25,25,132,double_poisson_alpha_1_0,828,1.0,10
2026-03-07 14:30:00,2025,30442,target_1x2,D,A,1.567263142029806,1.6007742533309166,0.3750261491299372,0.23556575146388667,0.3894080994061763,0.624973850870063,1,1,0.10558709746359647,1.0,D,Freiburg,Bayer Leverkusen,,25,25,133,double_poisson_alpha_1_0,829,1.0,10
2026-03-07 14:30:00,2025,30443,target_1x2,A,H,1.6110801955774972,1.5808640138025634,0.3891747437803228,0.23457456107031205,0.37625069514936527,0.6108252562196773,1,1,0.10465691188116598,1.0,A,FC Heidenheim,Hoffenheim,,25,25,133,double_poisson_alpha_1_0,829,1.0,10
2026-03-07 14:30:00,2025,30444,target_1x2,D,H,1.5856074077447884,1.5718679787680756,0.38493317692713347,0.23603928550560882,0.37902753756725766,0.6150668230728664,1,1,0.10600774489050477,0.9999999999999998,D,Mainz 05,VfB Stuttgart,,25,25,133,double_poisson_alpha_1_0,829,1.0,10
2026-03-07 14:30:00,2025,30445,target_1x2,H,H,1.6598287891266434,1.4973215172615824,0.41726783678211626,0.2352492849233038,0.34748287829458,0.5827321632178838,1,1,0.1057414842322669,1.0,H,RasenBallsport Leipzig,Augsburg,,25,25,133,double_poisson_alpha_1_0,829,1.0,10
2026-03-07 14:30:00,2025,30448,target_1x2,A,H,1.6102008025818273,1.5487436763974385,0.3952699428344273,0.23586721120899468,0.36886284595657803,0.6047300571655727,1,1,0.10591255112551602,1.0,A,Wolfsburg,Hamburger SV,,25,25,133,double_poisson_alpha_1_0,829,1.0,10
2026-03-07 17:30:00,2025,30441,target_1x2,A,A,1.5777725724595997,1.5950885755482986,0.3785924198169872,0.2353885269166041,0.38601905326640873,0.6214075801830128,1,1,0.10540788958447243,1.0,A,FC Cologne,Borussia Dortmund,,,,134,double_poisson_alpha_1_0,834,1.0,10
2026-03-08 14:30:00,2025,30446,target_1x2,D,H,1.5911597258474597,1.5572410401458787,0.3891018326167156,0.23639405035253377,0.37450411703075065,0.6108981673832844,1,1,0.10634976608589748,1.0,D,St. Pauli,Eintracht Frankfurt,,25,25,135,double_poisson_alpha_1_0,835,1.0,10
2026-03-08 16:30:00,2025,30447,target_1x2,A,H,1.5930295208533594,1.5312062548122642,0.39467663098627925,0.23734364068850541,0.3679797283252155,0.605323369013721,1,1,0.10725539850999001,1.0,A,Union Berlin,Werder Bremen,,25,25,136,double_poisson_alpha_1_0,836,1.0,10
2026-03-13 19:30:00,2025,30450,target_1x2,H,H,1.6090500041251576,1.5281645517191802,0.39907807634216896,0.23670357901354014,0.3642183446442908,0.6009219236578309,1,1,0.10672463837881793,1.0,H,Borussia M.Gladbach,St. Pauli,,26,26,137,double_poisson_alpha_1_0,837,1.0,10
2026-03-14 14:30:00,2025,30449,target_1x2,D,H,1.6413834900610154,1.6250646342412232,0.38767101099282464,0.2315655869604459,0.3807634020467294,0.6123289890071754,1,1,0.10173732253419576,1.0,D,Bayer Leverkusen,Bayern Munich,,26,26,138,double_poisson_alpha_1_0,838,1.0,10
2026-03-14 14:30:00,2025,30451,target_1x2,H,H,1.6736694049448444,1.4988381003129532,0.4202099993540336,0.23448164142229053,0.345308359223676,0.5797900006459665,1,1,0.10510464220968609,1.0,H,Borussia Dortmund,Augsburg,,,,138,double_poisson_alpha_1_0,838,1.0,10
2026-03-14 14:30:00,2025,30452,target_1x2,H,H,1.6709774515092706,1.5152641553900812,0.4162462630184211,0.23410459707447223,0.34964913990710655,0.5837537369815788,1,1,0.10463856891567916,1.0,H,Eintracht Frankfurt,FC Heidenheim,,26,26,138,double_poisson_alpha_1_0,838,1.0,10
2026-03-14 14:30:00,2025,30455,target_1x2,D,H,1.6593510684938597,1.5505762603273856,0.4064416965930915,0.23350490078218095,0.3600534026247276,0.5935583034069085,1,1,0.10384310935295707,1.0,D,Hoffenheim,Wolfsburg,,26,26,138,double_poisson_alpha_1_0,838,1.0,10
2026-03-14 17:30:00,2025,30454,target_1x2,D,H,1.6225867720612424,1.5146009099098072,0.40499203973913345,0.23654645306462765,0.3584615071962388,0.5950079602608664,1,1,0.10667013520063134,1.0,D,Hamburger SV,FC Cologne,,26,26,139,double_poisson_alpha_1_0,842,1.0,10
2026-03-15 14:30:00,2025,30457,target_1x2,A,H,1.5988815861538264,1.5307479771163262,0.3961557232043561,0.23708667684367257,0.36675759995197144,0.603844276795644,1,1,0.10703828580881641,1.0,A,Werder Bremen,Mainz 05,,26,26,140,double_poisson_alpha_1_0,843,1.0,10
2026-03-15 16:30:00,2025,30453,target_1x2,A,H,1.610922544579197,1.5082582496993195,0.40350110593791394,0.23735190677917042,0.3591469872829157,0.5964988940620861,1,1,0.10737603471170193,1.0,A,Freiburg,Union Berlin,,26,26,141,double_poisson_alpha_1_0,844,1.0,10
2026-03-15 18:30:00,2025,30456,target_1x2,H,H,1.6381539715896918,1.5511185273030068,0.4013739106463541,0.23448371416619185,0.3641423751874542,0.598626089353646,1,1,0.10469266541201457,1.0,H,VfB Stuttgart,RasenBallsport Leipzig,,26,26,142,double_poisson_alpha_1_0,845,1.0,10
2026-03-20 19:30:00,2025,30464,target_1x2,H,H,1.6638634362682352,1.5338508733662208,0.41083842699381756,0.23385350141713515,0.35530807158904715,0.5891615730061823,1,1,0.10426802243530846,1.0,H,RasenBallsport Leipzig,Hoffenheim,,27,27,143,double_poisson_alpha_1_0,846,1.0,10
2026-03-21 14:30:00,2025,30459,target_1x2,H,H,1.748102485551947,1.4642247647572324,0.4446798357446929,0.23135279891510602,0.3239673653402011,0.5553201642553072,1,1,0.10305727132274577,1.0,H,Bayern Munich,Union Berlin,,27,27,144,double_poisson_alpha_1_0,847,1.0,10
2026-03-21 14:30:00,2025,30461,target_1x2,D,H,1.609305463560403,1.543197609332031,0.3961549169877393,0.23612111105164593,0.36772397196061485,0.6038450830122608,1,1,0.10615619384364314,1.0,D,FC Cologne,Borussia M.Gladbach,,27,27,144,double_poisson_alpha_1_0,847,1.0,10
2026-03-21 14:30:00,2025,30462,target_1x2,D,A,1.5481697457469104,1.6180001092100473,0.3672488508225583,0.23552949270997126,0.39722165646747043,0.6327511491774417,1,1,0.10562020985772433,1.0,D,FC Heidenheim,Bayer Leverkusen,,27,27,144,double_poisson_alpha_1_0,847,1.0,10
2026-03-21 14:30:00,2025,30466,target_1x2,A,H,1.6156907042950812,1.5413125355870072,0.39803525864711053,0.2358952757869119,0.3660694655659775,0.6019647413528895,1,1,0.10596924752030709,1.0,A,Wolfsburg,Werder Bremen,,27,27,144,double_poisson_alpha_1_0,847,1.0,10
2026-03-21 17:30:00,2025,30460,target_1x2,H,H,1.6613812818482956,1.5093871481390282,0.41518546776744614,0.23478111119101222,0.3500334210415416,0.5848145322325539,1,1,0.10525015120030716,1.0,H,Borussia Dortmund,Hamburger SV,,,,145,double_poisson_alpha_1_0,851,1.0,10
2026-03-22 14:30:00,2025,30463,target_1x2,H,H,1.6019361234234026,1.5487956774029357,0.3933087588361397,0.23624366945400466,0.37044757170985554,0.6066912411638602,1,1,0.10624142509836862,0.9999999999999998,H,Mainz 05,Eintracht Frankfurt,,27,27,146,double_poisson_alpha_1_0,852,1.0,10
2026-03-22 16:30:00,2025,30465,target_1x2,A,H,1.591282839739499,1.5192920066896523,0.3966283601190537,0.23789054612604682,0.36548109375489946,0.6033716398809463,1,1,0.10776634187349539,1.0,A,St. Pauli,Freiburg,,27,27,147,double_poisson_alpha_1_0,853,1.0,10
2026-03-22 18:30:00,2025,30458,target_1x2,A,A,1.578122221225283,1.5874491244072355,0.3801472699124243,0.23570107461777148,0.38415165546980423,0.6198527300875757,1,1,0.10569398761670076,1.0,A,Augsburg,VfB Stuttgart,,27,27,148,double_poisson_alpha_1_0,854,1.0,10
2026-04-04 13:30:00,2025,30467,target_1x2,H,H,1.697589752486105,1.4932260272465963,0.42695167463441797,0.23338733145985258,0.3396609939057294,0.573048325365582,1,1,0.10428086146006697,1.0,H,Bayer Leverkusen,Wolfsburg,,28,28,149,double_poisson_alpha_1_0,855,1.0,10
2026-04-04 13:30:00,2025,30468,target_1x2,D,H,1.6474826126894495,1.5328346851082744,0.4072044467657522,0.23468655515857315,0.35810899807567453,0.5927955532342477,1,1,0.10498370748840086,0.9999999999999999,D,Borussia M.Gladbach,FC Heidenheim,,28,28,149,double_poisson_alpha_1_0,855,1.0,10
2026-04-04 13:30:00,2025,30470,target_1x2,A,A,1.571087629332809,1.6707636039746592,0.3627065050471737,0.23226569340826145,0.40502780154456486,0.6372934949528263,1,1,0.10261180171028676,1.0,A,Freiburg,Bayern Munich,,28,28,149,double_poisson_alpha_1_0,855,1.0,10
2026-04-04 13:30:00,2025,30471,target_1x2,D,H,1.6255312265024275,1.518233029111395,0.404959704449091,0.23627150133901842,0.3587687942118906,0.5950402955509091,1,1,0.106417801702759,1.0,D,Hamburger SV,Augsburg,,28,28,149,double_poisson_alpha_1_0,855,1.0,10
2026-04-04 13:30:00,2025,30472,target_1x2,A,H,1.6282009058753502,1.5460420316774524,0.40004369171192955,0.23513414798715623,0.3648221603009143,0.5999563082880706,1,1,0.10528659889862459,1.0,A,Hoffenheim,Mainz 05,,28,28,149,double_poisson_alpha_1_0,855,1.0,10
2026-04-04 13:30:00,2025,30475,target_1x2,A,H,1.5868553090754147,1.5802979333535925,0.3835893970629355,0.235635900907166,0.3807747020298986,0.6164106029370646,1,1,0.10563288101059347,1.0,A,Werder Bremen,RasenBallsport Leipzig,,28,28,149,double_poisson_alpha_1_0,855,1.0,10
2026-04-04 16:30:00,2025,30473,target_1x2,A,H,1.6470946111376954,1.5705711908802304,0.3996192395879197,0.2333676161126613,0.3670131442994189,0.6003807604120802,1,1,0.10360045690343231,1.0,A,VfB Stuttgart,Borussia Dortmund,,,,150,double_poisson_alpha_1_0,861,1.0,10
2026-04-05 13:30:00,2025,30474,target_1x2,D,H,1.5761247221413495,1.5153281074212477,0.39380439292219604,0.23876975549008245,0.36742585158772156,0.6061956070778041,1,1,0.10851664422454439,1.0,D,Union Berlin,St. Pauli,,28,28,151,double_poisson_alpha_1_0,862,1.0,10
2026-04-05 15:30:00,2025,30469,target_1x2,D,H,1.654576008995623,1.5212186598871824,0.41120018847037026,0.23473366894511155,0.3540661425845182,0.5887998115296298,1,1,0.10511102387177289,1.0,D,Eintracht Frankfurt,FC Cologne,,28,28,152,double_poisson_alpha_1_0,863,1.0,10
2026-04-10 18:30:00,2025,30476,target_1x2,D,H,1.620450338098558,1.5707671208402747,0.3933468952481065,0.23455763484600148,0.3720954699058918,0.6066531047518933,1,1,0.10466931810843935,0.9999999999999998,D,Augsburg,Hoffenheim,,29,29,153,double_poisson_alpha_1_0,864,1.0,10
2026-04-11 13:30:00,2025,30477,target_1x2,A,H,1.6303481354957823,1.5811697662820554,0.39362660417032613,0.23372215443309582,0.372651241396578,0.6063733958296739,1,1,0.10387579232166465,1.0,A,Borussia Dortmund,Bayer Leverkusen,,,,154,double_poisson_alpha_1_0,865,1.0,10
2026-04-11 13:30:00,2025,30479,target_1x2,H,H,1.6008108435714015,1.5330909110639668,0.39614808670647034,0.23690557987288868,0.36694633342064104,0.6038519132935297,1,1,0.10687390732061462,1.0,H,FC Heidenheim,Union Berlin,,29,29,154,double_poisson_alpha_1_0,865,1.0,10
2026-04-11 13:30:00,2025,30481,target_1x2,H,H,1.675677011163595,1.52210108206546,0.4159640375702508,0.23364957858482518,0.35038638384492415,0.5840359624297493,1,1,0.10419729052526625,1.0000000000000002,H,RasenBallsport Leipzig,Borussia M.Gladbach,,29,29,154,double_poisson_alpha_1_0,865,1.0,10
2026-04-11 13:30:00,2025,30484,target_1x2,A,H,1.6123197724773881,1.583670569136632,0.38891853726603787,0.23440978186844286,0.3766716808655193,0.6110814627339621,1,1,0.10449970302509919,0.9999999999999999,A,Wolfsburg,Eintracht Frankfurt,,29,29,154,double_poisson_alpha_1_0,865,1.0,10
2026-04-11 16:30:00,2025,30482,target_1x2,A,A,1.5488229778624198,1.657231875129447,0.3600382383139279,0.2336659325148181,0.4062958291712542,0.6399617616860722,1,1,0.1039951605305346,1.0000000000000002,A,St. Pauli,Bayern Munich,,29,29,155,double_poisson_alpha_1_0,869,1.0,10
2026-04-12 13:30:00,2025,30478,target_1x2,H,H,1.607960181992397,1.5443041894353715,0.3956183723847677,0.2361409933214822,0.3682406342937502,0.6043816276152324,1,1,0.10616885110002984,1.0000000000000002,H,FC Cologne,Werder Bremen,,29,29,156,double_poisson_alpha_1_0,870,1.0,10
2026-04-12 15:30:00,2025,30483,target_1x2,H,H,1.6658370022591111,1.5227269062060589,0.41353638306923146,0.2341226167045978,0.3523410002261707,0.5864636169307685,1,1,0.1045872672769655,1.0,H,VfB Stuttgart,Hamburger SV,,29,29,157,double_poisson_alpha_1_0,871,1.0,10
2026-04-12 17:30:00,2025,30480,target_1x2,A,H,1.614626637886985,1.5243549954657303,0.40115705862944206,0.2365786132432886,0.36226432812726933,0.5988429413705579,1,1,0.1066389424064328,1.0,A,Mainz 05,Freiburg,,29,29,158,double_poisson_alpha_1_0,872,1.0,10
2026-04-17 18:30:00,2025,30491,target_1x2,D,H,1.5966713270424449,1.518579807792705,0.39805150155541646,0.23765976296662855,0.36428873547795493,0.6019484984445835,1,1,0.10757634126457767,1.0,D,St. Pauli,FC Cologne,,30,30,159,double_poisson_alpha_1_0,873,1.0,10
2026-04-18 13:30:00,2025,30485,target_1x2,A,H,1.6941652178194406,1.485345544184947,0.4277671313369922,0.23379622037885794,0.33843664828414993,0.5722328686630078,1,1,0.10469821557426491,1.0,A,Bayer Leverkusen,Augsburg,,30,30,160,double_poisson_alpha_1_0,874,1.0,10
2026-04-18 13:30:00,2025,30490,target_1x2,H,H,1.614860540101583,1.6060798218632861,0.3851668696527182,0.23340674846419202,0.38142638188308964,0.6148331303472816,1,1,0.10352983516768019,0.9999999999999999,H,Hoffenheim,Borussia Dortmund,,,,160,double_poisson_alpha_1_0,874,1.0,10
2026-04-18 13:30:00,2025,30492,target_1x2,A,H,1.6018179871324896,1.5381549667812546,0.395383020142398,0.23666295514997007,0.3679540247076316,0.6046169798576017,1,1,0.10664495887638065,0.9999999999999998,A,Union Berlin,Wolfsburg,,30,30,160,double_poisson_alpha_1_0,874,1.0,10
2026-04-18 13:30:00,2025,30493,target_1x2,H,H,1.610652940348286,1.5449190335040648,0.396132453675409,0.23599287314048464,0.36787467318410655,0.6038675463245912,1,1,0.10603767530842036,1.0,H,Werder Bremen,Hamburger SV,,30,30,160,double_poisson_alpha_1_0,874,1.0,10
2026-04-18 16:30:00,2025,30488,target_1x2,A,H,1.6182472298248554,1.572760723062087,0.3924393962831167,0.23457840576920574,0.37298219794767773,0.6075606037168835,1,1,0.10468160711408857,1.0,A,Eintracht Frankfurt,RasenBallsport Leipzig,,30,30,161,double_poisson_alpha_1_0,878,1.0,10
2026-04-19 13:30:00,2025,30489,target_1x2,H,H,1.6376926783867363,1.5257111789457827,0.40632939499423615,0.23541132578155807,0.35825927922420586,0.593670605005764,1,1,0.10564669041622568,1.0,H,Freiburg,FC Heidenheim,,30,30,162,double_poisson_alpha_1_0,879,1.0,10
2026-04-19 15:30:00,2025,30486,target_1x2,H,H,1.7336135906847756,1.5491881273183266,0.4239290570689941,0.22993439281376676,0.34613655011723915,0.5760709429310059,1,1,0.10077522852144426,1.0,H,Bayern Munich,VfB Stuttgart,,30,30,163,double_poisson_alpha_1_0,880,1.0,10
2026-04-19 17:30:00,2025,30487,target_1x2,D,H,1.6097193708243747,1.54647818012487,0.395603895682945,0.23597631783719622,0.36841978647985885,0.604396104317055,1,1,0.10601682329466788,1.0,D,Borussia M.Gladbach,Mainz 05,,30,30,164,double_poisson_alpha_1_0,881,1.0,10
