date,season_id,game_id,target_col,target,y_pred,lambda_home,lambda_away,home_win_prob,draw_prob,away_win_prob,away_not_lose_prob,predicted_home_goals,predicted_away_goals,predicted_score_prob,score_matrix_probability_mass,home_win,home_team,away_team,round,week,matchday,batch_id,model,n_history_matches,alpha,max_goals
2025-08-22 18:30:00,2025,30224,home_win,1,0,1.7936733809008978,1.5081909042845651,0.4460349914006696,0.22782580075872877,0.3261392078406017,0.5539650085993304,1,1,0.09959057532441057,1.0,1,Bayern Munich,RasenBallsport Leipzig,,1,1,1,double_poisson_alpha_0_5,612,0.5,10
2025-08-23 13:30:00,2025,30225,home_win,0,0,1.603600700584927,1.5252366621567812,0.3983700740290501,0.23707410700960066,0.36455581896134925,0.6016299259709499,1,1,0.10705246498222185,1.0,0,FC Heidenheim,Wolfsburg,,1,1,2,double_poisson_alpha_0_5,613,0.5,10
2025-08-23 13:30:00,2025,30226,home_win,0,0,1.8354588675905277,1.4504221294924144,0.46757472952733137,0.22651508166616885,0.3059101888064998,0.5324252704726686,1,1,0.09958618339946324,1.0,0,Bayer Leverkusen,Hoffenheim,,1,1,2,double_poisson_alpha_0_5,613,0.5,10
2025-08-23 13:30:00,2025,30227,home_win,1,0,1.525842707791542,1.5980294401484594,0.36575591076949643,0.23731607101702498,0.39692801821347856,0.6342440892305036,1,1,0.10725415025183001,1.0,1,Union Berlin,VfB Stuttgart,,1,1,2,double_poisson_alpha_0_5,613,0.5,10
2025-08-23 13:30:00,2025,30228,home_win,1,0,1.6784431369105002,1.4882650793152585,0.4234871941562938,0.23455212079699317,0.34196068504671306,0.5765128058437062,1,1,0.10526961147848414,1.0,1,Eintracht Frankfurt,Werder Bremen,,1,1,2,double_poisson_alpha_0_5,613,0.5,10
2025-08-23 13:30:00,2025,30229,home_win,0,0,1.6211646881284791,1.483586929051429,0.4109152266389695,0.2377123632605061,0.35137241010052456,0.5890847733610307,1,1,0.10783596741571409,1.0,0,Freiburg,Augsburg,,1,1,2,double_poisson_alpha_0_5,613,0.5,10
2025-08-23 16:30:00,2025,30230,home_win,0,0,1.5549917490885414,1.5640955599405657,0.37919170379836087,0.23768185066904754,0.3831264455325917,0.6208082962016392,1,1,0.10749517356398647,1.0,0,St. Pauli,Borussia Dortmund,,,,3,double_poisson_alpha_0_5,618,0.5,10
2025-08-24 13:30:00,2025,30231,home_win,0,0,1.6324847416622663,1.4436398703468305,0.42179416682620363,0.23843057431836795,0.3397752588554284,0.5782058331737964,1,1,0.10873367182835189,1.0,0,Mainz 05,FC Cologne,,1,1,4,double_poisson_alpha_0_5,619,0.5,10
2025-08-24 15:30:00,2025,30232,home_win,0,0,1.6559211647733176,1.5630990243803642,0.40315473359194576,0.2332298150974459,0.3636154513106084,0.5968452664080544,1,1,0.1035198046429059,1.0,0,Borussia M.Gladbach,Hamburger SV,,1,1,5,double_poisson_alpha_0_5,620,0.5,10
2025-08-29 18:30:00,2025,30233,home_win,0,0,1.612560115462769,1.4692484571517452,0.41178363596945355,0.23866023572956227,0.34955612830098404,0.5882163640305463,1,1,0.1086922802434084,0.9999999999999998,0,Hamburger SV,St. Pauli,,2,2,6,double_poisson_alpha_0_5,621,0.5,10
2025-08-30 13:30:00,2025,30234,home_win,0,0,1.626575458751243,1.6097468863254307,0.3871890508925049,0.2327751986624704,0.38003575044502486,0.6128109491074952,1,1,0.1029235774431828,1.0000000000000002,0,Hoffenheim,Eintracht Frankfurt,,2,2,7,double_poisson_alpha_0_5,622,0.5,10
2025-08-30 13:30:00,2025,30235,home_win,1,0,1.7186353566133206,1.4495057688113409,0.4409004962346527,0.23339019942493425,0.32570930434041323,0.5590995037653474,1,1,0.10483287143040117,1.0000000000000002,1,RasenBallsport Leipzig,FC Heidenheim,,2,2,7,double_poisson_alpha_0_5,622,0.5,10
2025-08-30 13:30:00,2025,30236,home_win,0,0,1.5419690819409018,1.6509983267227113,0.3595957446185862,0.23420048007408345,0.40620377530733054,0.640404255381414,1,1,0.10450430284223222,1.0000000000000002,0,Werder Bremen,Bayer Leverkusen,,2,2,7,double_poisson_alpha_0_5,622,0.5,10
2025-08-30 13:30:00,2025,30237,home_win,1,0,1.7543862524761829,1.498851089818658,0.43896157143310377,0.2301808756649833,0.33085755290191304,0.5610384285668963,1,1,0.10162970792675938,1.0,1,VfB Stuttgart,Borussia M.Gladbach,,2,2,7,double_poisson_alpha_0_5,622,0.5,10
2025-08-30 16:30:00,2025,30238,home_win,0,0,1.5285047524346103,1.727484519422649,0.3424736460813489,0.23082660970140273,0.42669974421724827,0.657526353918651,1,1,0.10177070515036224,0.9999999999999999,0,Augsburg,Bayern Munich,,2,2,8,double_poisson_alpha_0_5,626,0.5,10
2025-08-31 13:30:00,2025,30239,home_win,0,0,1.5912591962050224,1.4989993181739167,0.40067965438748376,0.23867014752639207,0.36065019808612414,0.5993203456125162,1,1,0.10850759591635414,1.0,0,Wolfsburg,Mainz 05,,2,2,9,double_poisson_alpha_0_5,627,0.5,10
2025-08-31 15:30:00,2025,30240,home_win,1,0,1.7151008513897272,1.425987986122221,0.4450006503434897,0.23416801980377536,0.32083132985273505,0.5549993496565104,1,1,0.10574211187139365,1.0,1,Borussia Dortmund,Union Berlin,,,,10,double_poisson_alpha_0_5,628,0.5,10
2025-08-31 17:30:00,2025,30241,home_win,1,0,1.590934243081787,1.5071087695075904,0.398976943257894,0.23837704127701745,0.3626460154650885,0.601023056742106,1,1,0.10822655674455482,1.0,1,FC Cologne,Freiburg,,2,2,11,double_poisson_alpha_0_5,629,0.5,10
2025-09-12 18:30:00,2025,30242,home_win,1,0,1.7380632608115567,1.4783129615304806,0.43943154075822455,0.23158107321526422,0.3289873860265113,0.5605684592417755,1,1,0.10303327849130153,1.0,1,Bayer Leverkusen,Eintracht Frankfurt,,3,3,12,double_poisson_alpha_0_5,630,0.5,10
2025-09-13 13:30:00,2025,30243,home_win,1,0,1.5780992484985203,1.6104228323901109,0.3757276839926859,0.23471257775715498,0.3895597382501592,0.6242723160073143,1,1,0.10478923917509131,1.0,1,Freiburg,VfB Stuttgart,,3,3,13,double_poisson_alpha_0_5,631,0.5,10
2025-09-13 13:30:00,2025,30244,home_win,0,0,1.5677901915358496,1.6254018089260953,0.3704574254336639,0.23445010682392314,0.3950924677424129,0.6295425745663361,1,1,0.10458346255102374,1.0,0,FC Heidenheim,Borussia Dortmund,,,,13,double_poisson_alpha_0_5,631,0.5,10
2025-09-13 13:30:00,2025,30245,home_win,0,0,1.5727137239706483,1.5384852341090485,0.38841055109028344,0.23798898498265408,0.3736004639270624,0.6115894489097164,1,1,0.1077870210603097,1.0,0,Mainz 05,RasenBallsport Leipzig,,3,3,13,double_poisson_alpha_0_5,631,0.5,10
2025-09-13 13:30:00,2025,30246,home_win,0,0,1.6347320502068718,1.4759250433790905,0.4156973742696249,0.23726084418130403,0.34704178154907117,0.5843026257303752,1,1,0.10753990993939459,1.0000000000000002,0,Wolfsburg,FC Cologne,,3,3,13,double_poisson_alpha_0_5,631,0.5,10
2025-09-13 13:30:00,2025,30247,home_win,0,0,1.6175456154360186,1.536609812468513,0.39940632522098096,0.23598425531146028,0.36460941946755887,0.6005936747790191,1,1,0.10606884543590535,1.0000000000000002,0,Union Berlin,Hoffenheim,,3,3,13,double_poisson_alpha_0_5,631,0.5,10
2025-09-13 16:30:00,2025,30248,home_win,1,0,1.856907858497676,1.4602081083816056,0.47035565297764415,0.22508759920624666,0.3045567478161093,0.529644347022356,1,1,0.09831051012615634,1.0,1,Bayern Munich,Hamburger SV,,3,3,14,double_poisson_alpha_0_5,636,0.5,10
2025-09-14 13:30:00,2025,30249,home_win,1,0,1.6017523699976297,1.4597500979210845,0.41113822693574215,0.23956650827279086,0.34929526479146716,0.588861773064258,1,1,0.10946625491750268,1.0000000000000002,1,St. Pauli,Augsburg,,3,3,15,double_poisson_alpha_0_5,637,0.5,10
2025-09-14 15:30:00,2025,30250,home_win,0,0,1.665609078488879,1.547703559101331,0.40847494839139165,0.23330448895463832,0.3582205626539702,0.5915250516086085,1,1,0.1036900093121725,1.0,0,Borussia M.Gladbach,Werder Bremen,,3,3,16,double_poisson_alpha_0_5,638,0.5,10
2025-09-19 18:30:00,2025,30251,home_win,1,0,1.6886653668922456,1.4502334157343062,0.4337288912110998,0.23508057315237027,0.33119053563653,0.5662711087889003,1,1,0.10611458591038388,1.0000000000000002,1,VfB Stuttgart,St. Pauli,,4,4,17,double_poisson_alpha_0_5,639,0.5,10
2025-09-20 13:30:00,2025,30252,home_win,0,0,1.657798974670639,1.512750583030341,0.41366422486355886,0.23485307259637742,0.35148270254006364,0.5863357751364411,1,1,0.10528027681542572,1.0,0,Werder Bremen,Freiburg,,4,4,18,double_poisson_alpha_0_5,640,0.5,10
2025-09-20 13:30:00,2025,30253,home_win,0,0,1.5697468179254723,1.5021122004423748,0.39491198779357745,0.23960439191126157,0.3654836202951612,0.6050880122064227,1,1,0.10925480948453224,1.0,0,Augsburg,Mainz 05,,4,4,18,double_poisson_alpha_0_5,640,0.5,10
2025-09-20 13:30:00,2025,30254,home_win,1,0,1.6665931444047717,1.4872111368217287,0.42091927960306735,0.2352128678026168,0.3438678525943158,0.5790807203969326,1,1,0.10580895461524219,0.9999999999999999,1,Hamburger SV,FC Heidenheim,,4,4,18,double_poisson_alpha_0_5,640,0.5,10
2025-09-20 13:30:00,2025,30255,home_win,0,0,1.5931309904144257,1.795086185075434,0.3451563351710792,0.22573288432689778,0.429110780502023,0.6548436648289208,1,1,0.09657234287241902,1.0,0,Hoffenheim,Bayern Munich,,4,4,18,double_poisson_alpha_0_5,640,0.5,10
2025-09-20 16:30:00,2025,30256,home_win,1,0,1.7065449983015,1.4480514231978825,0.43837758829757534,0.23412021496789032,0.32750219673453457,0.5616224117024249,1,1,0.10540905274689845,1.0,1,RasenBallsport Leipzig,FC Cologne,,4,4,19,double_poisson_alpha_0_5,644,0.5,10
2025-09-21 13:30:00,2025,30257,home_win,0,0,1.6869663436989244,1.4337336641785026,0.4367677027040887,0.23562250145597624,0.3276097958399351,0.5632322972959114,1,1,0.1067264607618465,1.0,0,Eintracht Frankfurt,Union Berlin,,4,4,20,double_poisson_alpha_0_5,645,0.5,10
2025-09-21 15:30:00,2025,30258,home_win,0,0,1.8122481902403442,1.4566259005513718,0.4609963721444284,0.2277902951191709,0.3112133327364005,0.5390036278555714,1,1,0.10044116075460736,0.9999999999999999,0,Bayer Leverkusen,Borussia M.Gladbach,,4,4,21,double_poisson_alpha_0_5,646,0.5,10
2025-09-21 17:30:00,2025,30259,home_win,1,0,1.7313122336375708,1.4890228861736614,0.4356566513277443,0.23168308670727755,0.3326602619649782,0.5643433486722558,1,1,0.10296817093794931,1.0,1,Borussia Dortmund,Wolfsburg,,,,22,double_poisson_alpha_0_5,647,0.5,10
2025-09-26 18:30:00,2025,30260,home_win,1,0,1.8850411990285239,1.4613903129922554,0.4764151761930035,0.22339150006724423,0.3001933237397524,0.5235848238069967,1,1,0.09699521968037797,1.0,1,Bayern Munich,Werder Bremen,,5,5,23,double_poisson_alpha_0_5,648,0.5,10
2025-09-27 13:30:00,2025,30261,home_win,1,0,1.6105654546013703,1.5171258311672855,0.4016396401601283,0.23704280947672401,0.3613175503631476,0.5983603598398717,1,1,0.10706830217423949,1.0,1,FC Heidenheim,Augsburg,,5,5,24,double_poisson_alpha_0_5,649,0.5,10
2025-09-27 13:30:00,2025,30262,home_win,0,0,1.5823386691207246,1.5693855708412927,0.38464445644773565,0.23628331869278874,0.37907222485947556,0.6153555435522643,1,1,0.10623133785127038,1.0,0,Mainz 05,Borussia Dortmund,,,,24,double_poisson_alpha_0_5,649,0.5,10
2025-09-27 13:30:00,2025,30263,home_win,0,0,1.5120462730841633,1.6166484543779485,0.35896999158579623,0.23693123813866587,0.4040987702755378,0.6410300084142037,1,1,0.1070054302939954,1.0,0,St. Pauli,Bayer Leverkusen,,5,5,24,double_poisson_alpha_0_5,649,0.5,10
2025-09-27 13:30:00,2025,30264,home_win,0,0,1.5860121463246883,1.5820707825934106,0.38304694988613275,0.23559767325185965,0.3813553768620078,0.6169530501138675,1,1,0.10559697684811535,1.0,0,Wolfsburg,RasenBallsport Leipzig,,5,5,24,double_poisson_alpha_0_5,649,0.5,10
2025-09-27 16:30:00,2025,30265,home_win,0,0,1.6234915389944917,1.5974560579773278,0.3888510350578869,0.23338849438620182,0.3777604705559113,0.6111489649421131,1,1,0.10352355621835976,1.0,0,Borussia M.Gladbach,Eintracht Frankfurt,,5,5,25,double_poisson_alpha_0_5,653,0.5,10
2025-09-28 13:30:00,2025,30266,home_win,0,0,1.6874345513972746,1.5599567899662974,0.41110737257521757,0.23185645438562302,0.35703617303915935,0.5888926274247823,1,1,0.10233291985561875,1.0,0,Freiburg,Hoffenheim,,5,5,26,double_poisson_alpha_0_5,654,0.5,10
2025-09-28 15:30:00,2025,30267,home_win,0,0,1.5627952413463653,1.6197807301684424,0.3703514547107166,0.23489306475011082,0.3947554805391727,0.6296485452892835,1,1,0.10499850742361726,1.0000000000000002,0,FC Cologne,VfB Stuttgart,,5,5,27,double_poisson_alpha_0_5,655,0.5,10
2025-09-28 17:30:00,2025,30268,home_win,0,0,1.5771661808768225,1.5373168490697555,0.38969993890908405,0.23783379705279656,0.3724662640381192,0.6103000610909157,1,1,0.10765595283878714,0.9999999999999998,0,Union Berlin,Hamburger SV,,5,5,28,double_poisson_alpha_0_5,656,0.5,10
2025-10-03 18:30:00,2025,30274,home_win,0,0,1.6761275440718428,1.5426590067075348,0.41193564801012206,0.23296445856145995,0.35509989342841797,0.5880643519898779,1,1,0.1034369639186479,1.0,0,Hoffenheim,FC Cologne,,6,6,29,double_poisson_alpha_0_5,657,0.5,10
2025-10-04 13:30:00,2025,30269,home_win,1,0,1.7712336993801086,1.3854375445951475,0.46668929707356266,0.2315414389711622,0.30176926395527515,0.5333107029264373,1,1,0.1044570884804705,1.0,1,Bayer Leverkusen,Union Berlin,,6,6,30,double_poisson_alpha_0_5,658,0.5,10
2025-10-04 13:30:00,2025,30271,home_win,0,0,1.6713408500545672,1.540461909804995,0.41125983965743884,0.23326944153595022,0.355470718806611,0.5887401603425613,1,1,0.10371648186003134,1.0000000000000002,0,Borussia Dortmund,RasenBallsport Leipzig,,,,30,double_poisson_alpha_0_5,658,0.5,10
2025-10-04 13:30:00,2025,30276,home_win,1,0,1.6001206149147233,1.525403228481464,0.39751160841095445,0.23723356279752933,0.3652548287915164,0.6024883915890458,1,1,0.10718638484629296,1.0000000000000002,1,Augsburg,Wolfsburg,,6,6,30,double_poisson_alpha_0_5,658,0.5,10
2025-10-04 13:30:00,2025,30277,home_win,1,0,1.60468342537114,1.4979855763245478,0.4040831899404011,0.2380390134926963,0.35787779656690255,0.5959168100595988,1,1,0.10800030250375353,1.0,1,Werder Bremen,St. Pauli,,6,6,30,double_poisson_alpha_0_5,658,0.5,10
2025-10-04 16:30:00,2025,30272,home_win,0,0,1.613269273101283,1.7221795351664093,0.3629097289413249,0.22853416552833697,0.40855610553033805,0.637090271058675,1,1,0.09890500613334594,1.0,0,Eintracht Frankfurt,Bayern Munich,,6,6,31,double_poisson_alpha_0_5,662,0.5,10
2025-10-05 13:30:00,2025,30275,home_win,1,0,1.7431113347049143,1.4520045237867576,0.4460731580450106,0.23192034434901532,0.3220064976059742,0.5539268419549895,1,1,0.10367449055702782,1.0,1,VfB Stuttgart,FC Heidenheim,,6,6,32,double_poisson_alpha_0_5,663,0.5,10
2025-10-05 15:30:00,2025,30273,home_win,1,0,1.5951203323437302,1.4996740805273232,0.4014652880832638,0.23845314728708483,0.36008156462965135,0.5985347119167361,1,1,0.10832737019891642,1.0,1,Hamburger SV,Mainz 05,,6,6,33,double_poisson_alpha_0_5,664,0.5,10
2025-10-05 17:30:00,2025,30270,home_win,0,0,1.653835467122238,1.544704750920122,0.40632233227958603,0.23397000496337061,0.35970766275704324,0.5936776677204139,1,1,0.10428681806444184,1.0,0,Borussia M.Gladbach,Freiburg,,6,6,34,double_poisson_alpha_0_5,665,0.5,10
2025-10-17 18:30:00,2025,30285,home_win,1,0,1.597038129452234,1.5326259906695898,0.3953461353636576,0.23710050343313188,0.3675533612032106,0.6046538646363424,1,1,0.1070423447433522,1.0,1,Union Berlin,Borussia M.Gladbach,,7,7,35,double_poisson_alpha_0_5,666,0.5,10
2025-10-18 13:30:00,2025,30279,home_win,0,0,1.6024820299258657,1.4995172381373363,0.40325090436565497,0.23809264588497622,0.3586564497493687,0.596749095634345,1,1,0.10803474863101052,0.9999999999999999,0,FC Cologne,Augsburg,,7,7,36,double_poisson_alpha_0_5,667,0.5,10
2025-10-18 13:30:00,2025,30281,home_win,0,0,1.604112153606339,1.5409690415303372,0.39536876301445273,0.236447623945786,0.36818361303976144,0.6046312369855474,1,1,0.10644793350472243,1.0000000000000002,0,FC Heidenheim,Werder Bremen,,7,7,36,double_poisson_alpha_0_5,667,0.5,10
2025-10-18 13:30:00,2025,30282,home_win,0,0,1.5217233524316351,1.6115901822325986,0.3622137231930814,0.23682260811017855,0.40096366869674005,0.6377862768069186,1,1,0.10685861481177261,1.0,0,Mainz 05,Bayer Leverkusen,,7,7,36,double_poisson_alpha_0_5,667,0.5,10
2025-10-18 13:30:00,2025,30283,home_win,1,0,1.6845733449196134,1.4780670540547405,0.42701598020586273,0.23452385200304543,0.3384601677910919,0.5729840197941374,1,1,0.10535782287932556,1.0,1,RasenBallsport Leipzig,Hamburger SV,,7,7,36,double_poisson_alpha_0_5,667,0.5,10
2025-10-18 13:30:00,2025,30286,home_win,0,0,1.5793410871091607,1.598579347891249,0.37829008930251634,0.23517470498232498,0.38653520571515876,0.6217099106974837,1,1,0.10520995212913448,1.0,0,Wolfsburg,VfB Stuttgart,,7,7,36,double_poisson_alpha_0_5,667,0.5,10
2025-10-18 16:30:00,2025,30278,home_win,1,0,1.81986893387405,1.5256017962928234,0.4483979987105826,0.22603580339914242,0.3255661978902751,0.5516020012894175,1,1,0.09785022425786427,1.0,1,Bayern Munich,Borussia Dortmund,,,,37,double_poisson_alpha_0_5,672,0.5,10
2025-10-19 13:30:00,2025,30280,home_win,0,0,1.6027816467933391,1.5730550516242916,0.388748772256719,0.23524617803226372,0.37600504971101734,0.6112512277432811,1,1,0.10528583091571964,1.0,0,Freiburg,Eintracht Frankfurt,,7,7,38,double_poisson_alpha_0_5,673,0.5,10
2025-10-19 15:30:00,2025,30284,home_win,0,0,1.642055854236139,1.511937219332245,0.41012456039668976,0.23567245724059377,0.3542029823627164,0.5898754396033101,1,1,0.10596437864687415,1.0,0,St. Pauli,Hoffenheim,,7,7,39,double_poisson_alpha_0_5,674,0.5,10
2025-10-24 18:30:00,2025,30295,home_win,1,0,1.6362543065241766,1.4736241411009106,0.4165285309931919,0.23725598037592563,0.34621548863088225,0.5834714690068079,1,1,0.10755596000660672,0.9999999999999999,1,Werder Bremen,Union Berlin,,8,8,40,double_poisson_alpha_0_5,675,0.5,10
2025-10-25 13:30:00,2025,30287,home_win,0,0,1.5520716103943606,1.5842931324927036,0.37459926060648796,0.23691016921595154,0.3884905701775606,0.6254007393935122,1,1,0.10681725019600768,1.0,0,Augsburg,RasenBallsport Leipzig,,8,8,41,double_poisson_alpha_0_5,676,0.5,10
2025-10-25 13:30:00,2025,30289,home_win,0,0,1.5634253989528217,1.7804685700804745,0.3410211606046452,0.22721122053245538,0.4317676188628996,0.658978839395355,1,1,0.09826000364867249,1.0,0,Borussia M.Gladbach,Bayern Munich,,8,8,41,double_poisson_alpha_0_5,676,0.5,10
2025-10-25 13:30:00,2025,30291,home_win,1,0,1.6548131934901111,1.4634324887532066,0.4230156704049598,0.23658018330314404,0.34040414629189636,0.5769843295950404,1,1,0.10712350501104395,1.0000000000000002,1,Eintracht Frankfurt,St. Pauli,,8,8,41,double_poisson_alpha_0_5,676,0.5,10
2025-10-25 13:30:00,2025,30292,home_win,0,0,1.6408463008847092,1.5038054382141597,0.4114805971397122,0.2360099648138297,0.352509438046458,0.5885194028602877,1,1,0.10630523589982967,0.9999999999999999,0,Hamburger SV,Wolfsburg,,8,8,41,double_poisson_alpha_0_5,676,0.5,10
2025-10-25 13:30:00,2025,30293,home_win,1,0,1.6802477485999026,1.5334981087144677,0.4147343033523963,0.23305829221892577,0.35220740442867793,0.5852656966476038,1,1,0.1035963549031088,0.9999999999999999,1,Hoffenheim,FC Heidenheim,,8,8,41,double_poisson_alpha_0_5,676,0.5,10
2025-10-25 16:30:00,2025,30290,home_win,1,0,1.7203733155303726,1.448718044924788,0.441470430513807,0.23330972553059465,0.3252198439555983,0.5585295694861929,1,1,0.10478223960901231,1.0,1,Borussia Dortmund,FC Cologne,,,,42,double_poisson_alpha_0_5,681,0.5,10
2025-10-26 13:30:00,2025,30288,home_win,1,0,1.766665773741071,1.4315070655864646,0.45583028068878745,0.2309721287155872,0.31319759059562546,0.5441697193112127,1,1,0.10327592061480684,1.0000000000000002,1,Bayer Leverkusen,Freiburg,,8,8,43,double_poisson_alpha_0_5,682,0.5,10
2025-10-26 15:30:00,2025,30294,home_win,1,0,1.685387505318981,1.4614184881944414,0.43063970553205455,0.23495464074848485,0.33440565371946074,0.5693602944679456,1,1,0.10588486532616599,1.0,1,VfB Stuttgart,Mainz 05,,8,8,44,double_poisson_alpha_0_5,683,0.5,10
2025-10-31 19:30:00,2025,30296,home_win,0,0,1.5520374828030297,1.6142603729772969,0.36886857684285734,0.23555482095271607,0.39557660220442664,0.6311314231571428,1,1,0.1056258226813227,1.0,0,Augsburg,Borussia Dortmund,,,,45,double_poisson_alpha_0_5,684,0.5,10
2025-11-01 14:30:00,2025,30299,home_win,0,0,1.5714558683186282,1.5954111622166272,0.37704274248651104,0.23563170512800533,0.3873255523854838,0.6229572575134891,1,1,0.10563843023602955,1.0000000000000002,0,FC Heidenheim,Eintracht Frankfurt,,9,9,46,double_poisson_alpha_0_5,685,0.5,10
2025-11-01 14:30:00,2025,30300,home_win,0,0,1.6145305877206808,1.4979360734433966,0.40643474868721363,0.23754588250731226,0.35601936880547425,0.5935652513127865,1,1,0.10760004695001311,1.0,0,Mainz 05,Werder Bremen,,9,9,46,double_poisson_alpha_0_5,685,0.5,10
2025-11-01 14:30:00,2025,30301,home_win,1,0,1.6462095624841409,1.5486220590274693,0.40375735166775484,0.2341948923226091,0.36204775600963623,0.5962426483322454,1,1,0.10445586202340972,1.0,1,RasenBallsport Leipzig,VfB Stuttgart,,9,9,46,double_poisson_alpha_0_5,685,0.5,10
2025-11-01 14:30:00,2025,30302,home_win,0,0,1.613498945887623,1.500221808388016,0.40572894773946244,0.2375156033791192,0.3567554488814184,0.5942710522605377,1,1,0.10756040248407407,1.0,0,St. Pauli,Borussia M.Gladbach,,9,9,46,double_poisson_alpha_0_5,685,0.5,10
2025-11-01 14:30:00,2025,30303,home_win,0,0,1.5628895980216344,1.5045281027714665,0.3927863959229421,0.23983840538447776,0.36737519869258,0.6072136040770577,1,1,0.10943746481383079,0.9999999999999999,0,Union Berlin,Freiburg,,9,9,46,double_poisson_alpha_0_5,685,0.5,10
2025-11-01 17:30:00,2025,30297,home_win,1,0,1.7583199934620957,1.5652514395468655,0.42635575024830974,0.22826330020950722,0.34538094954218285,0.57364424975169,1,1,0.09914556515440576,0.9999999999999999,1,Bayern Munich,Bayer Leverkusen,,9,9,47,double_poisson_alpha_0_5,690,0.5,10
2025-11-02 14:30:00,2025,30298,home_win,1,0,1.5749796743701256,1.5239333842502165,0.3918234415632879,0.23847810957214882,0.3696984488645634,0.6081765584367123,1,1,0.10824306850883328,1.0,1,FC Cologne,Hamburger SV,,9,9,48,double_poisson_alpha_0_5,691,0.5,10
2025-11-02 16:30:00,2025,30304,home_win,0,0,1.6614458885126204,1.5461898851814586,0.4078051599684729,0.23355514499473518,0.35863969503679205,0.5921948400315272,1,1,0.10391793611845583,1.0,0,Wolfsburg,Hoffenheim,,9,9,49,double_poisson_alpha_0_5,692,0.5,10
2025-11-07 19:30:00,2025,30313,home_win,1,0,1.6316066932035642,1.5142749007126994,0.40718918298134377,0.23611230405618625,0.35669851296246996,0.5928108170186562,1,1,0.1063117299382094,1.0,1,Werder Bremen,Wolfsburg,,10,10,50,double_poisson_alpha_0_5,693,0.5,10
2025-11-08 14:30:00,2025,30305,home_win,1,0,1.7841770243614772,1.4076262456787356,0.4649343072831256,0.23034611469717312,0.3047195780197014,0.5350656927168745,1,1,0.1032149842846779,1.0,1,Bayer Leverkusen,FC Heidenheim,,10,10,51,double_poisson_alpha_0_5,694,0.5,10
2025-11-08 14:30:00,2025,30309,home_win,0,0,1.5802159443740682,1.5928598266141534,0.3795967596308388,0.23538380283191832,0.38501943753724294,0.6204032403691613,1,1,0.10540099255228656,1.0,0,Hamburger SV,Borussia Dortmund,,,,51,double_poisson_alpha_0_5,694,0.5,10
2025-11-08 14:30:00,2025,30310,home_win,1,0,1.6044545751845027,1.6335411865068847,0.37747428809387173,0.2326907629343792,0.38983494897174903,0.6225257119061283,1,1,0.10285225623187694,0.9999999999999999,1,Hoffenheim,RasenBallsport Leipzig,,10,10,51,double_poisson_alpha_0_5,694,0.5,10
2025-11-08 14:30:00,2025,30312,home_win,0,0,1.4797631718356226,1.7354594281246634,0.3297819927169122,0.2316895880435328,0.43852841923955505,0.6702180072830879,1,1,0.10309871356312418,1.0000000000000002,0,Union Berlin,Bayern Munich,,10,10,51,double_poisson_alpha_0_5,694,0.5,10
2025-11-08 17:30:00,2025,30306,home_win,1,0,1.6483414599046158,1.517219443444966,0.41054031995159956,0.23517875143244293,0.3542809286159576,0.5894596800484005,1,1,0.10551396652733595,1.0000000000000002,1,Borussia M.Gladbach,FC Cologne,,10,10,52,double_poisson_alpha_0_5,698,0.5,10
2025-11-09 14:30:00,2025,30308,home_win,1,0,1.589538092228133,1.4686271696141,0.4064014542365336,0.23989162759855742,0.35370691816490896,0.5935985457634664,1,1,0.10965746462126463,1.0,1,Freiburg,St. Pauli,,10,10,53,double_poisson_alpha_0_5,699,0.5,10
2025-11-09 16:30:00,2025,30311,home_win,1,0,1.7318799892732897,1.447702283066846,0.4443635751739996,0.23267005737695767,0.3229663674490428,0.5556364248260004,1,1,0.1043090566916697,1.0,1,VfB Stuttgart,Augsburg,,10,10,54,double_poisson_alpha_0_5,700,0.5,10
2025-11-09 18:30:00,2025,30307,home_win,1,0,1.659135539436658,1.482988228916998,0.4200260392300734,0.23573961967278972,0.3442343410971367,0.5799739607699264,1,1,0.10627045891455457,0.9999999999999998,1,Eintracht Frankfurt,Mainz 05,,10,10,55,double_poisson_alpha_0_5,701,0.5,10
2025-11-21 19:30:00,2025,30319,home_win,0,0,1.65618706234367,1.5236260690303722,0.4110939420306976,0.234573065208743,0.3543329927605593,0.5889060579693023,1,1,0.10495726036753278,1.0,0,Mainz 05,Hoffenheim,,11,11,56,double_poisson_alpha_0_5,702,0.5,10
2025-11-22 14:30:00,2025,30314,home_win,1,0,1.5957700032809155,1.5330777054420828,0.3949559046560215,0.23714228349813993,0.36790181184583864,0.6050440953439786,1,1,0.10707625431251548,1.0000000000000002,1,Augsburg,Hamburger SV,,11,11,57,double_poisson_alpha_0_5,703,0.5,10
2025-11-22 14:30:00,2025,30315,home_win,1,0,1.8631907662245102,1.426007328725537,0.4790128788810585,0.2251623703247604,0.295824750794181,0.5209871211189414,1,1,0.09906003981382015,1.0,1,Bayern Munich,Freiburg,,11,11,57,double_poisson_alpha_0_5,703,0.5,10
2025-11-22 14:30:00,2025,30316,home_win,0,0,1.666734068530748,1.5507932557326236,0.4081211098961584,0.23314635660102453,0.35873253350281703,0.5918788901038415,1,1,0.10352991416507176,0.9999999999999999,0,Borussia Dortmund,VfB Stuttgart,,,,57,double_poisson_alpha_0_5,703,0.5,10
2025-11-22 14:30:00,2025,30318,home_win,0,0,1.6240402275675212,1.5617008009946711,0.3959711121095928,0.23474201232934677,0.36928687556106066,0.6040288878904074,1,1,0.10486845413181713,1.0000000000000002,0,FC Heidenheim,Borussia M.Gladbach,,11,11,57,double_poisson_alpha_0_5,703,0.5,10
2025-11-22 14:30:00,2025,30322,home_win,0,0,1.5331702177183242,1.6518546609495537,0.3573745536111091,0.2344625826558615,0.40816286373302946,0.642625446388891,1,1,0.10479087770813672,1.0,0,Wolfsburg,Bayer Leverkusen,,11,11,57,double_poisson_alpha_0_5,703,0.5,10
2025-11-22 17:30:00,2025,30317,home_win,0,0,1.5769163493543539,1.57526523433272,0.3822206156174168,0.23626901203790818,0.3815103723446749,0.6177793843825831,1,1,0.10621534804420688,0.9999999999999999,0,FC Cologne,Eintracht Frankfurt,,11,11,58,double_poisson_alpha_0_5,708,0.5,10
2025-11-23 14:30:00,2025,30320,home_win,1,0,1.7096199819529547,1.4780895249317294,0.4328683103249201,0.23315741995863165,0.33397426971644817,0.5671316896750798,1,1,0.10427871615814216,1.0,1,RasenBallsport Leipzig,Werder Bremen,,11,11,59,double_poisson_alpha_0_5,709,0.5,10
2025-11-23 16:30:00,2025,30321,home_win,0,0,1.579945336719238,1.440653950925776,0.40980308060769116,0.24142457419587596,0.34877234519643296,0.5901969193923089,1,1,0.11101256397297025,1.0,0,St. Pauli,Union Berlin,,11,11,60,double_poisson_alpha_0_5,710,0.5,10
2025-11-28 19:30:00,2025,30325,home_win,0,0,1.599600293839888,1.6141856510779984,0.3800426236121415,0.23369533695325348,0.386262039434605,0.6199573763878585,1,1,0.10380910715783831,1.0,0,Borussia M.Gladbach,RasenBallsport Leipzig,,12,12,61,double_poisson_alpha_0_5,711,0.5,10
2025-11-29 14:30:00,2025,30324,home_win,1,0,1.846021387789082,1.3962457442554548,0.48150047916140887,0.22660312411152855,0.2918963967270625,0.5184995208385911,1,1,0.10071632405377114,0.9999999999999999,1,Bayern Munich,St. Pauli,,12,12,62,double_poisson_alpha_0_5,712,0.5,10
2025-11-29 14:30:00,2025,30329,home_win,1,0,1.680283994814097,1.530488293627995,0.4153484344692153,0.23315241559577532,0.3514991499350096,0.5846515655307849,1,1,0.10370316596946991,1.0,1,Hoffenheim,Augsburg,,12,12,62,double_poisson_alpha_0_5,712,0.5,10
2025-11-29 14:30:00,2025,30330,home_win,0,0,1.598545651872059,1.4738940941292689,0.40748956179809703,0.23923035479918478,0.353280083402718,0.5925104382019027,1,1,0.10910576394127476,1.0,0,Union Berlin,FC Heidenheim,,12,12,62,double_poisson_alpha_0_5,712,0.5,10
2025-11-29 14:30:00,2025,30331,home_win,0,0,1.643749787465834,1.4944941114734496,0.41405214478389535,0.23617360457389994,0.3497742506422048,0.5859478552161047,1,1,0.10651429806727432,1.0,0,Werder Bremen,FC Cologne,,12,12,62,double_poisson_alpha_0_5,712,0.5,10
2025-11-29 17:30:00,2025,30323,home_win,0,0,1.7256174766531587,1.510138425414607,0.4300071047344064,0.2314297833572092,0.33856311190838445,0.5699928952655937,1,1,0.10249209154173984,1.0,0,Bayer Leverkusen,Borussia Dortmund,,,,63,double_poisson_alpha_0_5,716,0.5,10
2025-11-30 14:30:00,2025,30328,home_win,1,0,1.590628063545123,1.5968520465866411,0.38127487645047997,0.23478635868420722,0.38393876486531275,0.6187251235495199,1,1,0.10484031006476553,1.0,1,Hamburger SV,VfB Stuttgart,,12,12,64,double_poisson_alpha_0_5,717,0.5,10
2025-11-30 16:30:00,2025,30326,home_win,0,0,1.6955007281859678,1.4884592725067616,0.4274405105106651,0.23363546875915456,0.33892402073018024,0.5725594894893348,1,1,0.10453426684238103,1.0,0,Eintracht Frankfurt,Wolfsburg,,12,12,65,double_poisson_alpha_0_5,718,0.5,10
2025-11-30 18:30:00,2025,30327,home_win,1,0,1.5878661312016866,1.501156012314709,0.3994370704077579,0.23875559518601705,0.3618073344062249,0.600562929592242,1,1,0.10856615174048259,0.9999999999999999,1,Freiburg,Mainz 05,,12,12,66,double_poisson_alpha_0_5,719,0.5,10
2025-12-05 19:30:00,2025,30339,home_win,0,0,1.633074620463339,1.509730867137483,0.4084500852708737,0.23619806841847454,0.3553518463106518,0.5915499147291263,1,1,0.10641491023812887,0.9999999999999999,0,Mainz 05,Borussia M.Gladbach,,13,13,67,double_poisson_alpha_0_5,720,0.5,10
2025-12-06 14:30:00,2025,30332,home_win,0,0,1.6351247966600404,1.7003355925803207,0.37195530923849873,0.2287507692450359,0.3992939215164653,0.6280446907615012,1,1,0.09897226490310539,1.0,0,VfB Stuttgart,Bayern Munich,,13,13,68,double_poisson_alpha_0_5,721,0.5,10
2025-12-06 14:30:00,2025,30333,home_win,1,0,1.6119526108604427,1.4596318756900724,0.4136032796441824,0.23902470458475045,0.347372015771067,0.5863967203558175,1,1,0.10904943399885744,1.0,1,Wolfsburg,Union Berlin,,13,13,68,double_poisson_alpha_0_5,721,0.5,10
2025-12-06 14:30:00,2025,30334,home_win,1,0,1.5141994739941755,1.6624467584830958,0.35096677016150846,0.23457082001129057,0.41446240982720106,0.6490332298384917,1,1,0.105034242272336,1.0,1,Augsburg,Bayer Leverkusen,,13,13,68,double_poisson_alpha_0_5,721,0.5,10
2025-12-06 14:30:00,2025,30336,home_win,0,0,1.5776989618988182,1.4739320153100635,0.402483477419303,0.24030612833533685,0.35721039424536016,0.597516522580697,1,1,0.10994996560636511,0.9999999999999999,0,FC Cologne,St. Pauli,,13,13,68,double_poisson_alpha_0_5,721,0.5,10
2025-12-06 14:30:00,2025,30338,home_win,1,0,1.593599189440877,1.5357308703569021,0.393915762447916,0.23713965695222566,0.36894458059985835,0.6060842375520841,1,1,0.10706399321927088,1.0,1,FC Heidenheim,Freiburg,,13,13,68,double_poisson_alpha_0_5,721,0.5,10
2025-12-06 17:30:00,2025,30340,home_win,1,0,1.6763761743912318,1.514836558710177,0.4175959425988677,0.23384377894588584,0.3485602784552466,0.5824040574011324,1,1,0.10442660932720958,1.0,1,RasenBallsport Leipzig,Eintracht Frankfurt,,13,13,69,double_poisson_alpha_0_5,726,0.5,10
2025-12-07 14:30:00,2025,30337,home_win,1,0,1.6378173205778865,1.5101826807958154,0.4094786765494904,0.23594499673506023,0.3545763267154495,0.5905213234505097,1,1,0.10620278739172931,1.0,1,Hamburger SV,Werder Bremen,,13,13,70,double_poisson_alpha_0_5,727,0.5,10
2025-12-07 16:30:00,2025,30335,home_win,1,0,1.7612738699489976,1.507298345284032,0.4388083078058902,0.2296029900906849,0.33158870210342495,0.5611916921941098,1,1,0.10104230330616576,1.0,1,Borussia Dortmund,Hoffenheim,,,,71,double_poisson_alpha_0_5,728,0.5,10
2025-12-12 19:30:00,2025,30348,home_win,1,0,1.5141770553952394,1.5813294691466382,0.36615748505779444,0.2385668828877563,0.3952756320544493,0.6338425149422056,1,1,0.10835217238224579,1.0,1,Union Berlin,RasenBallsport Leipzig,,14,14,72,double_poisson_alpha_0_5,729,0.5,10
2025-12-13 14:30:00,2025,30343,home_win,0,0,1.6561467931628495,1.5263440631925285,0.4105382061642978,0.23448390130710792,0.35497789252859413,0.5894617938357021,1,1,0.10486077235339282,0.9999999999999999,0,Borussia M.Gladbach,Wolfsburg,,14,14,73,double_poisson_alpha_0_5,730,0.5,10
2025-12-13 14:30:00,2025,30344,home_win,1,0,1.702229625083936,1.4743211419107625,0.43192061163320117,0.2336655859727203,0.3344138023940786,0.5680793883667989,1,1,0.10472533743873248,1.0,1,Eintracht Frankfurt,Augsburg,,14,14,73,double_poisson_alpha_0_5,730,0.5,10
2025-12-13 14:30:00,2025,30346,home_win,1,0,1.6653960104083387,1.5566004066679724,0.40665306560646075,0.2330124402106648,0.3603344941828745,0.5933469343935394,1,1,0.10337116119931998,1.0,1,Hoffenheim,Hamburger SV,,14,14,73,double_poisson_alpha_0_5,730,0.5,10
2025-12-13 14:30:00,2025,30347,home_win,1,0,1.6107240779544483,1.4589920838189698,0.41344053555013893,0.23911265886280017,0.3474468055870609,0.5865594644498611,1,1,0.10912224600034796,1.0,1,St. Pauli,FC Heidenheim,,14,14,73,double_poisson_alpha_0_5,730,0.5,10
2025-12-13 17:30:00,2025,30341,home_win,1,0,1.7819081906953171,1.4100751633480944,0.4638899486115295,0.23044440281621878,0.3056656485722517,0.5361100513884705,1,1,0.10324447738308805,1.0,1,Bayer Leverkusen,FC Cologne,,14,14,74,double_poisson_alpha_0_5,734,0.5,10
2025-12-14 14:30:00,2025,30345,home_win,0,0,1.5782370823807714,1.5931824977946683,0.37906873414587033,0.23545128319963282,0.38547998265449696,0.6209312658541297,1,1,0.10546485178421225,1.0,0,Freiburg,Borussia Dortmund,,,,75,double_poisson_alpha_0_5,735,0.5,10
2025-12-14 16:30:00,2025,30342,home_win,0,0,1.853258140658016,1.413567183680252,0.47942661903329914,0.22593540438371723,0.2946379765829833,0.5205733809667006,1,1,0.09988221371052534,0.9999999999999999,0,Bayern Munich,Mainz 05,,14,14,76,double_poisson_alpha_0_5,736,0.5,10
2025-12-14 18:30:00,2025,30349,home_win,0,0,1.6061576632742445,1.598736252840558,0.38455160714399284,0.2340653698201965,0.38138302303581073,0.6154483928560073,1,1,0.10415910857111517,1.0,0,Werder Bremen,VfB Stuttgart,,14,14,77,double_poisson_alpha_0_5,737,0.5,10
2025-12-19 19:30:00,2025,30351,home_win,1,0,1.74282177638277,1.4835286056273254,0.4394539716580677,0.23118916346058768,0.32935686488134475,0.5605460283419325,1,1,0.10265089376045737,1.0000000000000002,1,Borussia Dortmund,Borussia M.Gladbach,,,,78,double_poisson_alpha_0_5,738,0.5,10
2025-12-20 14:30:00,2025,30350,home_win,0,0,1.6114886440052645,1.5232696228365579,0.4006309740742481,0.23677000344698618,0.36259902247876563,0.5993690259257518,1,1,0.1068060400627425,1.0,0,Augsburg,Werder Bremen,,15,15,79,double_poisson_alpha_0_5,739,0.5,10
2025-12-20 14:30:00,2025,30352,home_win,0,0,1.5963968187064892,1.4656240107467444,0.4086568083173202,0.2396412237066723,0.3517019679760074,0.5913431916826797,1,1,0.10948249227889693,0.9999999999999999,0,FC Cologne,Union Berlin,,15,15,79,double_poisson_alpha_0_5,739,0.5,10
2025-12-20 14:30:00,2025,30353,home_win,0,0,1.6226055007147897,1.5622386023011854,0.39552838953961544,0.2347866401294909,0.36968497033089337,0.6044716104603842,1,1,0.1049059423027554,0.9999999999999998,0,Hamburger SV,Eintracht Frankfurt,,15,15,79,double_poisson_alpha_0_5,739,0.5,10
2025-12-20 14:30:00,2025,30357,home_win,0,0,1.7667479913310957,1.517801818152516,0.43790999597398894,0.22905498847818911,0.33303501554782183,0.562090004026011,1,1,0.10044488298340447,0.9999999999999999,0,VfB Stuttgart,Hoffenheim,,15,15,79,double_poisson_alpha_0_5,739,0.5,10
2025-12-20 14:30:00,2025,30358,home_win,0,0,1.629823940987708,1.5062712096695163,0.40837888258035626,0.2364815282810079,0.355139589138636,0.591621117419644,1,1,0.10667313275985457,1.0000000000000002,0,Wolfsburg,Freiburg,,15,15,79,double_poisson_alpha_0_5,739,0.5,10
2025-12-20 17:30:00,2025,30356,home_win,0,0,1.615983598175063,1.5827644059570678,0.38995374185845955,0.2342872546972255,0.3757590034443149,0.6100462581415405,1,1,0.10438897093745506,0.9999999999999999,0,RasenBallsport Leipzig,Bayer Leverkusen,,15,15,80,double_poisson_alpha_0_5,744,0.5,10
2025-12-21 14:30:00,2025,30355,home_win,0,0,1.5824389930283211,1.4432511654202227,0.40987227414293204,0.24119493686003882,0.3489327889970293,0.5901277258570681,1,1,0.11082260461469581,1.0,0,Mainz 05,St. Pauli,,15,15,81,double_poisson_alpha_0_5,745,0.5,10
2025-12-21 16:30:00,2025,30354,home_win,0,0,1.513475746155299,1.7696988776837308,0.3315259013909245,0.22900176152412727,0.4394723370849483,0.6684740986090756,1,1,0.10046394289910715,1.0,0,FC Heidenheim,Bayern Munich,,15,15,82,double_poisson_alpha_0_5,746,0.5,10
2026-01-09 19:30:00,2025,30362,home_win,0,0,1.6256439449118107,1.5738569553805446,0.3939583155334312,0.23420856892081637,0.3718331155457524,0.6060416844665688,1,1,0.1043434284972764,1.0,0,Eintracht Frankfurt,Borussia Dortmund,,,,83,double_poisson_alpha_0_5,747,0.5,10
2026-01-10 14:30:00,2025,30363,home_win,1,0,1.6222339838552913,1.519274285766141,0.4039718291463954,0.23639542591949367,0.35963274493411085,0.5960281708536045,1,1,0.10651480486500589,0.9999999999999999,1,Freiburg,Hamburger SV,,16,16,84,double_poisson_alpha_0_5,748,0.5,10
2026-01-10 14:30:00,2025,30364,home_win,0,0,1.596408318870075,1.5112837404013606,0.39944564163045926,0.23795084126227176,0.362603517107269,0.6005543583695407,1,1,0.10785405533604353,1.0,0,FC Heidenheim,FC Cologne,,16,16,84,double_poisson_alpha_0_5,748,0.5,10
2026-01-10 14:30:00,2025,30366,home_win,0,0,1.542803672953954,1.4820930045176768,0.39243017477237696,0.24173940686934883,0.36583041835827423,0.607569825227623,1,1,0.11104274425395232,1.0,0,Union Berlin,Mainz 05,,16,16,84,double_poisson_alpha_0_5,748,0.5,10
2026-01-10 17:30:00,2025,30359,home_win,0,0,1.727509711640997,1.511467632070442,0.4301734565027583,0.23129403137342255,0.338532512123819,0.5698265434972416,1,1,0.10236449810206288,1.0,0,Bayer Leverkusen,VfB Stuttgart,,16,16,85,double_poisson_alpha_0_5,751,0.5,10
2026-01-11 14:30:00,2025,30361,home_win,1,0,1.651324319171641,1.505913378732513,0.4135240626081529,0.2354068284184236,0.35106910897342325,0.5864759373918469,1,1,0.10579410240710897,0.9999999999999998,1,Borussia M.Gladbach,Augsburg,,16,16,86,double_poisson_alpha_0_5,752,0.5,10
2026-01-11 16:30:00,2025,30360,home_win,1,0,1.8857603753404657,1.4368847579999307,0.48176334788523795,0.22363776150408476,0.29459889061067707,0.5182366521147619,1,1,0.09770167224150572,0.9999999999999998,1,Bayern Munich,Wolfsburg,,16,16,87,double_poisson_alpha_0_5,753,0.5,10
2026-01-13 17:30:00,2025,30375,home_win,1,0,1.7122698349693315,1.5298924493574995,0.4229009659278469,0.23156320727890425,0.3455358267932487,0.5770990340721529,1,1,0.10237170051324819,0.9999999999999998,1,VfB Stuttgart,Eintracht Frankfurt,,17,17,88,double_poisson_alpha_0_5,754,0.5,10
2026-01-13 19:30:00,2025,30369,home_win,1,0,1.7291936386949762,1.469148308591393,0.4392729797495535,0.23230322611093654,0.32842379413951,0.5607270202504465,1,1,0.1037258517412095,0.9999999999999999,1,Borussia Dortmund,Werder Bremen,,,,89,double_poisson_alpha_0_5,755,0.5,10
2026-01-13 19:30:00,2025,30373,home_win,1,0,1.6443745070527749,1.4574152019346094,0.42178081467755546,0.23733846203843395,0.34088072328401053,0.5782191853224445,1,1,0.10776900566248898,1.0,1,Mainz 05,FC Heidenheim,,17,17,89,double_poisson_alpha_0_5,755,0.5,10
2026-01-14 17:30:00,2025,30376,home_win,1,0,1.6075670820428276,1.4832822392267124,0.4077398575328912,0.23842571728001713,0.3538344251870918,0.5922601424671089,1,1,0.10840619383662625,1.0000000000000002,1,Wolfsburg,St. Pauli,,17,17,90,double_poisson_alpha_0_5,757,0.5,10
2026-01-14 19:30:00,2025,30370,home_win,0,0,1.5222873274422555,1.764786937981791,0.33440772613787795,0.22904892728874823,0.4365433465733739,0.6655922738621222,1,1,0.10037618782481679,1.0,0,FC Cologne,Bayern Munich,,17,17,91,double_poisson_alpha_0_5,758,0.5,10
2026-01-14 19:30:00,2025,30372,home_win,1,0,1.6967211376029023,1.5664282718665925,0.4119682043479913,0.23120649856641992,0.35682529708558886,0.5880317956520088,1,1,0.10170755192136398,1.0,1,Hoffenheim,Borussia M.Gladbach,,17,17,91,double_poisson_alpha_0_5,758,0.5,10
2026-01-14 19:30:00,2025,30374,home_win,1,0,1.7126081419668568,1.4644213510697421,0.4363916689769474,0.23335354044858897,0.3302547905744636,0.5636083310230526,1,1,0.10460626094788417,1.0,1,RasenBallsport Leipzig,Freiburg,,17,17,91,double_poisson_alpha_0_5,758,0.5,10
2026-01-15 19:30:00,2025,30368,home_win,0,0,1.5950284943544912,1.4725335130815391,0.40692400527781464,0.2394626781065846,0.3536133166156007,0.5930759947221853,1,1,0.10929703504084759,0.9999999999999999,0,Augsburg,Union Berlin,,17,17,92,double_poisson_alpha_0_5,761,0.5,10
2026-01-16 19:30:00,2025,30384,home_win,0,0,1.6233488932698243,1.5755814859276136,0.3930828291285559,0.23424418560843238,0.3726729852630116,0.606917170871444,1,1,0.10436981809003591,1.0,0,Werder Bremen,Eintracht Frankfurt,,18,18,93,double_poisson_alpha_0_5,762,0.5,10
2026-01-17 14:30:00,2025,30378,home_win,1,0,1.7001239699592512,1.4218152909041042,0.4423636889065452,0.23515770368433797,0.3224786074091168,0.5576363110934548,1,1,0.10653266152226724,0.9999999999999999,1,Borussia Dortmund,St. Pauli,,,,94,double_poisson_alpha_0_5,763,0.5,10
2026-01-17 14:30:00,2025,30379,home_win,1,0,1.5787077501295936,1.503359950149745,0.39680761857941227,0.23911900459739835,0.3640733768231894,0.6031923814205877,1,1,0.10885282944442012,1.0,1,FC Cologne,Mainz 05,,18,18,94,double_poisson_alpha_0_5,763,0.5,10
2026-01-17 14:30:00,2025,30380,home_win,0,0,1.6698588940372054,1.532821856948091,0.4124462265106651,0.2335930886216778,0.3539606848676573,0.5875537734893351,1,1,0.10405546183725327,1.0000000000000002,0,Hamburger SV,Borussia M.Gladbach,,18,18,94,double_poisson_alpha_0_5,763,0.5,10
2026-01-17 14:30:00,2025,30381,home_win,1,0,1.6011553677162167,1.676721135529874,0.36855908568305157,0.23095255716798768,0.4004883571489609,0.6314409143169486,1,1,0.1012349882227345,1.0000000000000002,1,Hoffenheim,Bayer Leverkusen,,18,18,94,double_poisson_alpha_0_5,763,0.5,10
2026-01-17 14:30:00,2025,30385,home_win,0,0,1.6720250174448177,1.4957714579123793,0.42044889709065764,0.2346623039969266,0.3448887989124159,0.5795511029093425,1,1,0.10528135941486974,1.0000000000000002,0,Wolfsburg,FC Heidenheim,,18,18,94,double_poisson_alpha_0_5,763,0.5,10
2026-01-17 17:30:00,2025,30382,home_win,0,0,1.6237622352635535,1.6960207622342713,0.3701578023024994,0.2293273519114656,0.4005148457860351,0.6298421976975007,1,1,0.09958413699881614,1.0,0,RasenBallsport Leipzig,Bayern Munich,,18,18,95,double_poisson_alpha_0_5,768,0.5,10
2026-01-18 14:30:00,2025,30383,home_win,0,0,1.722051376985695,1.4294456312237922,0.44589945000068587,0.23367460347619382,0.3204259465231205,0.5541005499993144,1,1,0.10532609567547552,1.0000000000000002,0,VfB Stuttgart,Union Berlin,,18,18,96,double_poisson_alpha_0_5,769,0.5,10
2026-01-18 16:30:00,2025,30377,home_win,0,0,1.602508222893305,1.5201251094570916,0.39912955321836213,0.23732028420127496,0.3635501625803628,0.6008704467816378,1,1,0.10728454759612005,0.9999999999999998,0,Augsburg,Freiburg,,18,18,97,double_poisson_alpha_0_5,770,0.5,10
2026-01-23 19:30:00,2025,30393,home_win,0,0,1.5836108304050718,1.494095294116254,0.3998367712199473,0.23923701475229697,0.36092621402775565,0.6001632287800527,1,1,0.10899233939905903,1.0,0,St. Pauli,Hamburger SV,,19,19,98,double_poisson_alpha_0_5,771,0.5,10
2026-01-24 14:30:00,2025,30386,home_win,1,0,1.7804901634823602,1.4386867084986852,0.4575023171324051,0.23000461584267026,0.31249306702492485,0.5424976828675951,1,1,0.10243185985478334,1.0000000000000002,1,Bayer Leverkusen,Werder Bremen,,19,19,99,double_poisson_alpha_0_5,772,0.5,10
2026-01-24 14:30:00,2025,30387,home_win,0,0,1.9142715517149638,1.4045276485094964,0.4950340004658532,0.2221359622377556,0.2828300372963912,0.5049659995341469,1,1,0.09731900475112207,1.0,0,Bayern Munich,Augsburg,,19,19,99,double_poisson_alpha_0_5,772,0.5,10
2026-01-24 14:30:00,2025,30389,home_win,0,0,1.72529015470107,1.545756942467654,0.42270463617072107,0.23044756786715395,0.3468477959621252,0.5772953638292792,1,1,0.10125247443460662,1.0,0,Eintracht Frankfurt,Hoffenheim,,19,19,99,double_poisson_alpha_0_5,772,0.5,10
2026-01-24 14:30:00,2025,30391,home_win,0,0,1.5504240972677186,1.6120620524702396,0.36890564604961273,0.23571730954144685,0.39537704440894056,0.6310943539503874,1,1,0.10577474346597653,1.0000000000000002,0,FC Heidenheim,RasenBallsport Leipzig,,19,19,99,double_poisson_alpha_0_5,772,0.5,10
2026-01-24 14:30:00,2025,30392,home_win,1,0,1.6260622828073605,1.4871473309439456,0.41135570482264266,0.23733583259557936,0.35130846258177795,0.5886442951773573,1,1,0.10750815679146744,1.0,1,Mainz 05,Wolfsburg,,19,19,99,double_poisson_alpha_0_5,772,0.5,10
2026-01-24 17:30:00,2025,30394,home_win,0,0,1.5283604471958254,1.5884250435698652,0.36818159503986947,0.2376712529777029,0.39414715198242756,0.6318184049601304,1,1,0.10754488900979826,0.9999999999999999,0,Union Berlin,Borussia Dortmund,,,,100,double_poisson_alpha_0_5,777,0.5,10
2026-01-25 14:30:00,2025,30388,home_win,0,0,1.6105301963882737,1.6233538006433264,0.3808348396423208,0.23287752437106127,0.3862876359866179,0.6191651603576792,1,1,0.10302060098646736,1.0,0,Borussia M.Gladbach,VfB Stuttgart,,19,19,101,double_poisson_alpha_0_5,778,0.5,10
2026-01-25 16:30:00,2025,30390,home_win,1,0,1.6366073584216192,1.4903493989427052,0.4132049248070411,0.2366813432149837,0.35011373197797535,0.586795075192959,1,1,0.10695781723512293,1.0,1,Freiburg,FC Cologne,,19,19,102,double_poisson_alpha_0_5,779,0.5,10
2026-01-27 19:30:00,2025,30365,home_win,0,0,1.5309870747907075,1.5599615489508736,0.3742721269488913,0.2388819557245115,0.3868459173265972,0.6257278730511087,1,1,0.10856841230071623,1.0,0,St. Pauli,RasenBallsport Leipzig,,16,16,103,double_poisson_alpha_0_5,780,0.5,10
2026-01-27 19:30:00,2025,30367,home_win,0,0,1.6572959707405825,1.5683071977266967,0.4024448391153309,0.23298271415233512,0.36457244673233397,0.5975551608846691,1,1,0.10326890053285338,1.0,0,Werder Bremen,Hoffenheim,,16,16,103,double_poisson_alpha_0_5,780,0.5,10
2026-01-30 19:30:00,2025,30398,home_win,1,0,1.6143457923275237,1.521720346727148,0.40161667649890165,0.23668954144289447,0.361693782058204,0.5983833235010985,1,1,0.10674688104328532,1.0,1,FC Cologne,Wolfsburg,,20,20,104,double_poisson_alpha_0_5,782,0.5,10
2026-01-31 14:30:00,2025,30395,home_win,1,0,1.5685999806173156,1.4740381817465333,0.40027337802879615,0.2407676918741253,0.3589589300970786,0.5997266219712039,1,1,0.11031129273045888,1.0,1,Augsburg,St. Pauli,,20,20,105,double_poisson_alpha_0_5,783,0.5,10
2026-01-31 14:30:00,2025,30397,home_win,0,0,1.6009731063124426,1.6288244704723236,0.37756273983803473,0.23302518084738455,0.3894120793145808,0.6224372601619653,1,1,0.1031751375589374,1.0,0,Eintracht Frankfurt,Bayer Leverkusen,,20,20,105,double_poisson_alpha_0_5,783,0.5,10
2026-01-31 14:30:00,2025,30400,home_win,1,0,1.6681755721408718,1.483259463523623,0.42209945486176237,0.23525044271820453,0.342650102420033,0.5779005451382375,1,1,0.10587856320030592,1.0,1,Hoffenheim,Union Berlin,,20,20,105,double_poisson_alpha_0_5,783,0.5,10
2026-01-31 14:30:00,2025,30401,home_win,0,0,1.6734620666712496,1.4482739354004077,0.430554844176242,0.23599439856713358,0.3334507572566244,0.569445155823758,1,1,0.10683507703263738,1.0,0,RasenBallsport Leipzig,Mainz 05,,20,20,105,double_poisson_alpha_0_5,783,0.5,10
2026-01-31 14:30:00,2025,30403,home_win,0,0,1.6489177389585967,1.5374364361425243,0.4066210805974647,0.23445771459019607,0.35892120481233925,0.5933789194025353,1,1,0.10475629351660697,1.0,0,Werder Bremen,Borussia M.Gladbach,,20,20,105,double_poisson_alpha_0_5,783,0.5,10
2026-01-31 17:30:00,2025,30399,home_win,0,0,1.5445228946731842,1.747789187410991,0.34252170045894986,0.229351923441829,0.4281263760992211,0.6574782995410501,1,1,0.10033453184547776,1.0,0,Hamburger SV,Bayern Munich,,20,20,106,double_poisson_alpha_0_5,788,0.5,10
2026-02-01 14:30:00,2025,30402,home_win,1,0,1.724582527536263,1.4758611470946577,0.4368113923198234,0.23239082608721087,0.3307977815929657,0.5631886076801765,1,1,0.10370374833075599,1.0,1,VfB Stuttgart,Freiburg,,20,20,107,double_poisson_alpha_0_5,789,0.5,10
2026-02-01 16:30:00,2025,30396,home_win,1,0,1.755096734292386,1.431042687901151,0.45325205012530323,0.23167415569172137,0.3150737941829753,0.5467479498746967,1,1,0.1038080128033935,1.0,1,Borussia Dortmund,FC Heidenheim,,,,108,double_poisson_alpha_0_5,790,0.5,10
2026-02-06 19:30:00,2025,30411,home_win,0,0,1.5673404868966014,1.5619181091438326,0.38254719846386653,0.23724577166562613,0.3802070298705075,0.6174528015361336,1,1,0.10710305819933467,1.0,0,Union Berlin,Eintracht Frankfurt,,21,21,109,double_poisson_alpha_0_5,791,0.5,10
2026-02-07 14:30:00,2025,30407,home_win,1,0,1.633744341813852,1.5093588268580507,0.40868320484607157,0.23617749147225311,0.35513930368167523,0.5913167951539283,1,1,0.10640063826542204,1.0,1,Freiburg,Werder Bremen,,21,21,110,double_poisson_alpha_0_5,792,0.5,10
2026-02-07 14:30:00,2025,30408,home_win,0,0,1.5838982323383424,1.546120936308554,0.3895656876314076,0.2371697542989907,0.3732645580696019,0.6104343123685926,1,1,0.10705838360314417,1.0,0,FC Heidenheim,Hamburger SV,,21,21,110,double_poisson_alpha_0_5,792,0.5,10
2026-02-07 14:30:00,2025,30409,home_win,1,0,1.6175469395004392,1.4582605682481986,0.415220646652519,0.23877029922806026,0.3460090541194206,0.5847793533474809,1,1,0.10886437830894508,1.0,1,Mainz 05,Augsburg,,21,21,110,double_poisson_alpha_0_5,792,0.5,10
2026-02-07 14:30:00,2025,30410,home_win,1,0,1.5351570914406,1.5737844006743802,0.3726022642741392,0.2380768355038462,0.3893209002220146,0.6273977357258608,1,1,0.10787030949752384,1.0,1,St. Pauli,VfB Stuttgart,,21,21,110,double_poisson_alpha_0_5,792,0.5,10
2026-02-07 14:30:00,2025,30412,home_win,0,0,1.572999321482669,1.6162490120334467,0.373418728735173,0.23465741444000918,0.3919238568248179,0.6265812712648271,1,1,0.10475236939012174,1.0000000000000002,0,Wolfsburg,Borussia Dortmund,,,,110,double_poisson_alpha_0_5,792,0.5,10
2026-02-07 17:30:00,2025,30405,home_win,0,0,1.5571828759919326,1.657645161108292,0.36191336648155514,0.23335667958397502,0.40472995393446975,0.6380866335184447,1,1,0.10366904853808076,1.0,0,Borussia M.Gladbach,Bayer Leverkusen,,21,21,111,double_poisson_alpha_0_5,797,0.5,10
2026-02-08 14:30:00,2025,30406,home_win,0,0,1.5451258993988137,1.5832890631182155,0.37314545979042496,0.23723766346989056,0.3896168767396844,0.626854540209575,1,1,0.10712004062501228,1.0,0,FC Cologne,RasenBallsport Leipzig,,21,21,112,double_poisson_alpha_0_5,798,0.5,10
2026-02-08 16:30:00,2025,30404,home_win,1,0,1.9106393450877086,1.480698212873434,0.4780491571023968,0.22163544053934628,0.3003154023582571,0.5219508428976034,1,1,0.09523708218463771,1.0000000000000002,1,Bayern Munich,Hoffenheim,,21,21,113,double_poisson_alpha_0_5,799,0.5,10
2026-02-13 19:30:00,2025,30415,home_win,1,0,1.68864816062834,1.4480488326824612,0.4341789694004956,0.235141044638408,0.33067998596109643,0.5658210305995044,1,1,0.10618720349825467,1.0,1,Borussia Dortmund,Mainz 05,,,,114,double_poisson_alpha_0_5,800,0.5,10
2026-02-14 14:30:00,2025,30414,home_win,1,0,1.7288115985962555,1.390352410338575,0.4557602278599057,0.23412807330380533,0.3101116988362889,0.5442397721400942,1,1,0.10622747155577382,1.0,1,Bayer Leverkusen,St. Pauli,,22,22,115,double_poisson_alpha_0_5,801,0.5,10
2026-02-14 14:30:00,2025,30416,home_win,1,0,1.7068548847049327,1.5183967610828875,0.42397590831764975,0.23217505876891284,0.3438490329134374,0.5760240916823502,1,1,0.10300845551747771,1.0,1,Eintracht Frankfurt,Borussia M.Gladbach,,22,22,115,double_poisson_alpha_0_5,801,0.5,10
2026-02-14 14:30:00,2025,30417,home_win,1,0,1.622533475596235,1.4476296508911213,0.41859614717612637,0.23885263477371288,0.34255121805016087,0.5814038528238737,1,1,0.1090175032134346,1.0,1,Hamburger SV,Union Berlin,,22,22,115,double_poisson_alpha_0_5,801,0.5,10
2026-02-14 14:30:00,2025,30418,home_win,1,0,1.675066161172578,1.5338015185633933,0.4134650601097313,0.233304570870952,0.3532303690193168,0.5865349398902688,1,1,0.10380244956701691,1.0,1,Hoffenheim,Freiburg,,22,22,115,double_poisson_alpha_0_5,801,0.5,10
2026-02-14 14:30:00,2025,30421,home_win,0,0,1.540232572863521,1.7646265974085682,0.3385424568441007,0.22860624168276353,0.43285130147313566,0.6614575431558992,1,1,0.09976013389423821,1.0,0,Werder Bremen,Bayern Munich,,22,22,115,double_poisson_alpha_0_5,801,0.5,10
2026-02-14 17:30:00,2025,30420,home_win,1,0,1.7282071153511185,1.4428873614662348,0.4445157950033915,0.23299694517425915,0.3224872598223494,0.5554842049966086,1,1,0.1046259430038542,1.0,1,VfB Stuttgart,FC Cologne,,22,22,116,double_poisson_alpha_0_5,806,0.5,10
2026-02-15 14:30:00,2025,30413,home_win,1,0,1.6338943437333309,1.4820318073373804,0.4142535853609736,0.2371016567740084,0.34864475786501814,0.5857464146390265,1,1,0.1073623380043695,1.0000000000000002,1,Augsburg,FC Heidenheim,,22,22,117,double_poisson_alpha_0_5,807,0.5,10
2026-02-15 16:30:00,2025,30419,home_win,0,0,1.7200355651744494,1.4583043975983743,0.43939422316079635,0.23309092411654153,0.32751485272266206,0.5606057768392037,1,1,0.10448407563716705,1.0,0,RasenBallsport Leipzig,Wolfsburg,,22,22,118,double_poisson_alpha_0_5,808,0.5,10
2026-02-20 19:30:00,2025,30426,home_win,0,0,1.602621638672119,1.4874690237358055,0.4057132400119014,0.2385277606406644,0.3557589993474344,0.5942867599880988,1,1,0.10846000233215643,1.0000000000000002,0,Mainz 05,Hamburger SV,,23,23,119,double_poisson_alpha_0_5,809,0.5,10
2026-02-21 14:30:00,2025,30422,home_win,1,0,1.886487285803018,1.4827865947717274,0.4722414977972188,0.22302652938016437,0.3047319728226167,0.5277585022027811,1,1,0.09626656584258028,0.9999999999999998,1,Bayern Munich,Eintracht Frankfurt,,23,23,120,double_poisson_alpha_0_5,810,0.5,10
2026-02-21 14:30:00,2025,30423,home_win,0,0,1.6244183896600681,1.563928539791395,0.39562126582819673,0.23464066504730668,0.3697380691244967,0.6043787341718034,1,1,0.1047691268750206,1.0,0,FC Cologne,Hoffenheim,,23,23,120,double_poisson_alpha_0_5,810,0.5,10
2026-02-21 14:30:00,2025,30429,home_win,1,0,1.493542125127183,1.628552187260667,0.3523627344807821,0.23698756500359866,0.41064970051561933,0.647637265519218,1,1,0.10717927738220853,0.9999999999999999,1,Union Berlin,Bayer Leverkusen,,23,23,120,double_poisson_alpha_0_5,810,0.5,10
2026-02-21 14:30:00,2025,30430,home_win,0,0,1.6331101801330061,1.491876533865928,0.41206706290029654,0.236810341998653,0.3511225951010503,0.5879329370997033,1,1,0.1070493126245753,0.9999999999999998,0,Wolfsburg,Augsburg,,23,23,120,double_poisson_alpha_0_5,810,0.5,10
2026-02-21 17:30:00,2025,30427,home_win,0,0,1.6484324923522036,1.551741108763742,0.40365790161839954,0.23397989904169691,0.36236219933990355,0.5963420983816005,1,1,0.10424919158683867,1.0,0,RasenBallsport Leipzig,Borussia Dortmund,,,,121,double_poisson_alpha_0_5,814,0.5,10
2026-02-22 14:30:00,2025,30424,home_win,1,0,1.649637322046872,1.5204671025360663,0.4101914408369217,0.2350043183868612,0.354804240776217,0.5898085591630782,1,1,0.10534323306332627,1.0,1,Freiburg,Borussia M.Gladbach,,23,23,122,double_poisson_alpha_0_5,815,0.5,10
2026-02-22 16:30:00,2025,30428,home_win,1,0,1.591040422992719,1.4799309484735295,0.40446994329451136,0.23939659091299048,0.35613346579249827,0.5955300567054888,1,1,0.10919851825070317,1.0,1,St. Pauli,Werder Bremen,,23,23,123,double_poisson_alpha_0_5,816,0.5,10
2026-02-22 18:30:00,2025,30425,home_win,0,0,1.5512708550769232,1.628646172629091,0.36596716756793035,0.23492060713785398,0.3991122252942158,0.6340328324320698,1,1,0.10507368369627032,1.0000000000000002,0,FC Heidenheim,VfB Stuttgart,,23,23,124,double_poisson_alpha_0_5,817,0.5,10
2026-02-27 19:30:00,2025,30431,home_win,1,0,1.6113495155318673,1.4878905929705208,0.40770781140529494,0.2380668363297464,0.35422535226495877,0.5922921885947052,1,1,0.10808809772252315,1.0000000000000002,1,Augsburg,FC Cologne,,24,24,125,double_poisson_alpha_0_5,818,0.5,10
2026-02-28 14:30:00,2025,30432,home_win,0,0,1.7332235525602424,1.414587008923224,0.45164227120907063,0.2333410243939514,0.3150167043969779,0.5483577287909293,1,1,0.10529493732080998,1.0,0,Bayer Leverkusen,Mainz 05,,24,24,126,double_poisson_alpha_0_5,819,0.5,10
2026-02-28 14:30:00,2025,30433,home_win,1,0,1.6368957165496614,1.480428757704239,0.4152916737946191,0.2369974406834747,0.3477108855219063,0.584708326205381,1,1,0.10729307877473629,1.0,1,Borussia M.Gladbach,Union Berlin,,24,24,126,double_poisson_alpha_0_5,819,0.5,10
2026-02-28 14:30:00,2025,30437,home_win,0,0,1.6605429881624791,1.4878267790924669,0.4193696074971843,0.2355131676229796,0.3451172248798359,0.5806303925028156,1,1,0.1060432128725393,1.0,0,Hoffenheim,St. Pauli,,24,24,126,double_poisson_alpha_0_5,819,0.5,10
2026-02-28 14:30:00,2025,30439,home_win,1,0,1.659360182373951,1.4850696594115897,0.4196537597273406,0.2356623511637999,0.34468388910885955,0.5803462402726595,1,1,0.10618886062940854,1.0,1,Werder Bremen,FC Heidenheim,,24,24,126,double_poisson_alpha_0_5,819,0.5,10
2026-02-28 17:30:00,2025,30434,home_win,0,0,1.6428276450755408,1.6939017064339867,0.37492073162772555,0.2287489491569269,0.39633031921534767,0.6250792683722746,1,1,0.09893661855211229,1.0,0,Borussia Dortmund,Bayern Munich,,,,127,double_poisson_alpha_0_5,823,0.5,10
2026-03-01 14:30:00,2025,30438,home_win,1,0,1.7445881005473498,1.4697069891472962,0.4427264305123696,0.2314236778518889,0.32584989163574146,0.5572735694876303,1,1,0.10303221696176336,1.0,1,VfB Stuttgart,Wolfsburg,,24,24,128,double_poisson_alpha_0_5,824,0.5,10
2026-03-01 16:30:00,2025,30435,home_win,1,0,1.6895975526533245,1.4970393058372236,0.424305428763771,0.2337003170820751,0.3419942541541541,0.5756945712362291,1,1,0.10449070792156841,1.0000000000000002,1,Eintracht Frankfurt,Freiburg,,24,24,129,double_poisson_alpha_0_5,825,0.5,10
2026-03-01 18:30:00,2025,30436,home_win,0,0,1.5867012234759137,1.563100513953396,0.38690122548723926,0.2363528688963233,0.3767459056164375,0.6130987745127607,1,1,0.10630178296016411,1.0,0,Hamburger SV,RasenBallsport Leipzig,,24,24,130,double_poisson_alpha_0_5,826,0.5,10
2026-03-04 19:30:00,2025,30371,home_win,0,0,1.5488046354029537,1.6139963734009553,0.36815692166513425,0.23569026182934846,0.39615281650551715,0.6318430783348656,1,1,0.1057577417722815,1.0,0,Hamburger SV,Bayer Leverkusen,,17,17,131,double_poisson_alpha_0_5,827,0.5,10
2026-03-06 19:30:00,2025,30440,home_win,1,0,1.9206853015818077,1.4401740196581423,0.48883635729078534,0.22144448221209917,0.28971916049711555,0.5111636427092148,1,1,0.09599940190352156,1.0000000000000002,1,Bayern Munich,Borussia M.Gladbach,,25,25,132,double_poisson_alpha_0_5,828,0.5,10
2026-03-07 14:30:00,2025,30442,home_win,0,0,1.5373870411165398,1.6220656415630899,0.36394026718183803,0.23574178228659037,0.4003179505315716,0.636059732818162,1,1,0.10585680340179227,1.0,0,Freiburg,Bayer Leverkusen,,25,25,133,double_poisson_alpha_0_5,829,0.5,10
2026-03-07 14:30:00,2025,30443,home_win,0,0,1.617580394316433,1.5856327088645736,0.38976865877373307,0.2341055431936938,0.3761257980325732,0.610231341226267,1,1,0.10421511098568643,1.0000000000000002,0,FC Heidenheim,Hoffenheim,,25,25,133,double_poisson_alpha_0_5,829,0.5,10
2026-03-07 14:30:00,2025,30444,home_win,0,0,1.5709756756363633,1.568508989083611,0.3821270686533429,0.2368088634526348,0.38106406789402225,0.6178729313466571,1,1,0.10670766254974094,1.0,0,Mainz 05,VfB Stuttgart,,25,25,133,double_poisson_alpha_0_5,829,0.5,10
2026-03-07 14:30:00,2025,30445,home_win,1,0,1.7090233371959782,1.4341365921855749,0.4418662364671167,0.23432785055778013,0.3238059129751032,0.5581337635328834,1,1,0.10575027298281271,1.0,1,RasenBallsport Leipzig,Augsburg,,25,25,133,double_poisson_alpha_0_5,829,0.5,10
2026-03-07 14:30:00,2025,30448,home_win,0,0,1.6160027984011711,1.524996418600791,0.4013545545229058,0.23648863600078235,0.3621568094763118,0.5986454454770942,1,1,0.10655953204998164,1.0,0,Wolfsburg,Hamburger SV,,25,25,133,double_poisson_alpha_0_5,829,0.5,10
2026-03-07 17:30:00,2025,30441,home_win,0,0,1.5519523469589191,1.6090302707486683,0.3698420093592613,0.23579720471021262,0.39436078593052604,0.6301579906407386,1,1,0.10583889288809394,1.0,0,FC Cologne,Borussia Dortmund,,,,134,double_poisson_alpha_0_5,834,0.5,10
2026-03-08 14:30:00,2025,30446,home_win,0,0,1.5759666008094384,1.5381982236110052,0.38924098362511306,0.23785260669207506,0.37290640968281186,0.6107590163748869,1,1,0.10767000068439081,1.0,0,St. Pauli,Eintracht Frankfurt,,25,25,135,double_poisson_alpha_0_5,835,0.5,10
2026-03-08 16:30:00,2025,30447,home_win,0,0,1.5826433640036097,1.492826895368808,0.399860073172417,0.23933388012568135,0.36080604670190164,0.600139926827583,1,1,0.10907689056699349,1.0,0,Union Berlin,Werder Bremen,,25,25,136,double_poisson_alpha_0_5,836,0.5,10
2026-03-13 19:30:00,2025,30450,home_win,1,0,1.6112868666965285,1.4844224363759646,0.40839526865380216,0.23819354984053287,0.353411181505665,0.5916047313461978,1,1,0.10821336679097093,1.0,1,Borussia M.Gladbach,St. Pauli,,26,26,137,double_poisson_alpha_0_5,837,0.5,10
2026-03-14 14:30:00,2025,30449,home_win,0,0,1.6729923936724298,1.664788740730628,0.3873288211495072,0.2287810486019996,0.3838901302484932,0.6126711788504928,1,1,0.09891750827007041,1.0,0,Bayer Leverkusen,Bayern Munich,,26,26,138,double_poisson_alpha_0_5,838,0.5,10
2026-03-14 14:30:00,2025,30451,home_win,1,0,1.7338679165985282,1.435119800281097,0.44746332231504415,0.23284554785734932,0.3196911298276065,0.5525366776849558,1,1,0.10462375144702941,1.0,1,Borussia Dortmund,Augsburg,,,,138,double_poisson_alpha_0_5,838,0.5,10
2026-03-14 14:30:00,2025,30452,home_win,1,0,1.7288575560529922,1.4642048561627157,0.44022108789322234,0.23244466687789114,0.3273342452288866,0.5597789121067778,1,1,0.1039038570087698,1.0000000000000002,1,Eintracht Frankfurt,FC Heidenheim,,26,26,138,double_poisson_alpha_0_5,838,0.5,10
2026-03-14 14:30:00,2025,30455,home_win,0,0,1.707094847265433,1.5280285060162557,0.4220790094778417,0.23188053085364332,0.3460404596685149,0.5779209905221582,1,1,0.10265802082609779,1.0,0,Hoffenheim,Wolfsburg,,26,26,138,double_poisson_alpha_0_5,838,0.5,10
2026-03-14 17:30:00,2025,30454,home_win,0,0,1.6393687717204637,1.4641511719609006,0.41920781229865534,0.2373969680541339,0.34339521964721087,0.5807921877013448,1,1,0.10775092110629601,1.0,0,Hamburger SV,FC Cologne,,26,26,139,double_poisson_alpha_0_5,842,0.5,10
2026-03-15 14:30:00,2025,30457,home_win,0,0,1.59692436129901,1.4950855585227227,0.4028180842189514,0.2385349790561638,0.3586469367248849,0.5971819157810487,1,1,0.1084195365523136,1.0000000000000002,0,Werder Bremen,Mainz 05,,26,26,140,double_poisson_alpha_0_5,843,0.5,10
2026-03-15 16:30:00,2025,30453,home_win,0,0,1.6197257697732432,1.4550265175323362,0.41640435770911455,0.2387610308756169,0.34483461141526855,0.5835956422908855,1,1,0.10888409569581814,1.0,0,Freiburg,Union Berlin,,26,26,141,double_poisson_alpha_0_5,844,0.5,10
2026-03-15 18:30:00,2025,30456,home_win,1,0,1.6722048870759023,1.5341124386187122,0.4127348697170401,0.23343542252536328,0.35382970775759665,0.5872651302829599,1,1,0.10391081659236412,1.0,1,VfB Stuttgart,RasenBallsport Leipzig,,26,26,142,double_poisson_alpha_0_5,845,0.5,10
2026-03-20 19:30:00,2025,30464,home_win,1,0,1.7222793366652482,1.5036613633829068,0.4305580998521535,0.23178240650802312,0.33765949363982345,0.5694419001478466,1,1,0.10285973160796054,1.0000000000000002,1,RasenBallsport Leipzig,Hoffenheim,,27,27,143,double_poisson_alpha_0_5,846,0.5,10
2026-03-21 14:30:00,2025,30459,home_win,1,0,1.883240977713566,1.3793528586924784,0.49353493841948504,0.22435015298148173,0.2821149085990333,0.5064650615805151,1,1,0.09946144739220028,1.0,1,Bayern Munich,Union Berlin,,27,27,144,double_poisson_alpha_0_5,847,0.5,10
2026-03-21 14:30:00,2025,30461,home_win,0,0,1.6163101844893137,1.5203421149352614,0.40235704726783694,0.23664505112113485,0.360997901611028,0.5976429527321628,1,1,0.10671740354092539,0.9999999999999998,0,FC Cologne,Borussia M.Gladbach,,27,27,144,double_poisson_alpha_0_5,847,0.5,10
2026-03-21 14:30:00,2025,30462,home_win,0,0,1.5064159065326816,1.657976591827733,0.34996164591250345,0.23505120148580705,0.4149871526016893,0.6500383540874963,1,1,0.10549820900580183,1.0,0,FC Heidenheim,Bayer Leverkusen,,27,27,144,double_poisson_alpha_0_5,847,0.5,10
2026-03-21 14:30:00,2025,30466,home_win,0,0,1.6299832410626423,1.516342724246845,0.4063904755053611,0.23611974052974768,0.3574897839648912,0.5936095244946389,1,1,0.10630373062215684,1.0,0,Wolfsburg,Werder Bremen,,27,27,144,double_poisson_alpha_0_5,847,0.5,10
2026-03-21 17:30:00,2025,30460,home_win,1,0,1.7135323809663705,1.4556790726635933,0.4384230776197639,0.23352653390212574,0.32805038847811036,0.561576922380236,1,1,0.10485446000169582,1.0,1,Borussia Dortmund,Hamburger SV,,,,145,double_poisson_alpha_0_5,851,0.5,10
2026-03-22 14:30:00,2025,30463,home_win,1,0,1.6011663494852564,1.5269700115857914,0.39744799736610326,0.23712388995670192,0.365428112677195,0.6025520026338969,1,1,0.10708646982235226,1.0000000000000002,1,Mainz 05,Eintracht Frankfurt,,27,27,146,double_poisson_alpha_0_5,852,0.5,10
2026-03-22 16:30:00,2025,30465,home_win,0,0,1.579362855519979,1.4730893011998076,0.40305379639846156,0.2402525784843622,0.35669362511717634,0.5969462036015385,1,1,0.10991269765578295,1.0000000000000002,0,St. Pauli,Freiburg,,27,27,147,double_poisson_alpha_0_5,853,0.5,10
2026-03-22 18:30:00,2025,30458,home_win,0,0,1.5580240153562455,1.5980944488784434,0.3733604539808498,0.23605314020517532,0.39058640581397486,0.6266395460191502,1,1,0.10604538112619215,1.0,0,Augsburg,VfB Stuttgart,,27,27,148,double_poisson_alpha_0_5,854,0.5,10
2026-04-04 13:30:00,2025,30467,home_win,1,0,1.7801414109624343,1.4258453104443713,0.46013485033414503,0.23026809225262806,0.3095970574132269,0.539865149665855,1,1,0.10284532918816841,1.0,1,Bayer Leverkusen,Wolfsburg,,28,28,149,double_poisson_alpha_0_5,855,0.5,10
2026-04-04 13:30:00,2025,30468,home_win,0,0,1.6846723807722148,1.496266931907705,0.42331141151302887,0.23398292129876286,0.3427056671882083,0.5766885884869711,1,1,0.10472735693049497,1.0,0,Borussia M.Gladbach,FC Heidenheim,,28,28,149,double_poisson_alpha_0_5,855,0.5,10
2026-04-04 13:30:00,2025,30470,home_win,0,0,1.5437786184568316,1.7528280395205826,0.3414514550675408,0.2291164678290163,0.429432077103443,0.6585485449324593,1,1,0.10014430408526477,1.0,0,Freiburg,Bayern Munich,,28,28,149,double_poisson_alpha_0_5,855,0.5,10
2026-04-04 13:30:00,2025,30471,home_win,0,0,1.6417778869838309,1.4700998726283148,0.4185596375118257,0.23707562990819103,0.3443647325799835,0.5814403624881745,1,1,0.10744591347542236,1.0000000000000002,0,Hamburger SV,Augsburg,,28,28,149,double_poisson_alpha_0_5,855,0.5,10
2026-04-04 13:30:00,2025,30472,home_win,0,0,1.6485492458964779,1.5201989646610972,0.4099896308061597,0.23506740673418733,0.3549429624596531,0.5900103691938404,1,1,0.10539803037184042,1.0000000000000002,0,Hoffenheim,Mainz 05,,28,28,149,double_poisson_alpha_0_5,855,0.5,10
2026-04-04 13:30:00,2025,30475,home_win,0,0,1.5720643007771342,1.5828326509029964,0.3796095798948691,0.23615054642188435,0.3842398736832465,0.6203904201051309,1,1,0.10610869392945275,1.0,0,Werder Bremen,RasenBallsport Leipzig,,28,28,149,double_poisson_alpha_0_5,855,0.5,10
2026-04-04 16:30:00,2025,30473,home_win,0,0,1.6806048686647048,1.5620149650136914,0.40911313766807605,0.23211256503589378,0.3587742972960301,0.5908868623319239,1,1,0.10254132077315277,1.0,0,VfB Stuttgart,Borussia Dortmund,,,,150,double_poisson_alpha_0_5,861,0.5,10
2026-04-05 13:30:00,2025,30474,home_win,0,0,1.5488484069879238,1.4595927348581248,0.39842215634464606,0.24235125531552995,0.359226588339824,0.6015778436553539,1,1,0.11160694473052019,1.0,0,Union Berlin,St. Pauli,,28,28,151,double_poisson_alpha_0_5,862,0.5,10
2026-04-05 15:30:00,2025,30469,home_win,0,0,1.696589470765885,1.4717967322618022,0.43112249203967085,0.23404532210566933,0.33483218585465985,0.5688775079603292,1,1,0.10505384618535772,1.0,0,Eintracht Frankfurt,FC Cologne,,28,28,152,double_poisson_alpha_0_5,863,0.5,10
2026-04-10 18:30:00,2025,30476,home_win,0,0,1.631585927084324,1.5627620116388754,0.3975318386469102,0.23435943541552542,0.3681087259375643,0.6024681613530897,1,1,0.10452378147927747,0.9999999999999999,0,Augsburg,Hoffenheim,,29,29,153,double_poisson_alpha_0_5,864,0.5,10
2026-04-11 13:30:00,2025,30477,home_win,0,0,1.6496341161013452,1.5812218473432935,0.3981157202525253,0.2328659692912945,0.36901831045618017,0.6018842797474746,1,1,0.10309498011140807,0.9999999999999999,0,Borussia Dortmund,Bayer Leverkusen,,,,154,double_poisson_alpha_0_5,865,0.5,10
2026-04-11 13:30:00,2025,30479,home_win,1,0,1.5943228535092575,1.4932956096767689,0.4025575920481522,0.23873222230548088,0.3587101856463669,0.5974424079518478,1,1,0.10858914132452448,1.0,1,FC Heidenheim,Union Berlin,,29,29,154,double_poisson_alpha_0_5,865,0.5,10
2026-04-11 13:30:00,2025,30481,home_win,1,0,1.7351002146457317,1.4742787946057023,0.4395802559406698,0.23184557180538434,0.3285741722539458,0.5604197440593301,1,1,0.10329720921716158,0.9999999999999998,1,RasenBallsport Leipzig,Borussia M.Gladbach,,29,29,154,double_poisson_alpha_0_5,865,0.5,10
2026-04-11 13:30:00,2025,30484,home_win,0,0,1.6163179725028842,1.5860392463375619,0.3893939081957175,0.23414394716872294,0.3764621446355597,0.6106060918042826,1,1,0.10424966366492734,1.0000000000000002,0,Wolfsburg,Eintracht Frankfurt,,29,29,154,double_poisson_alpha_0_5,865,0.5,10
2026-04-11 16:30:00,2025,30482,home_win,0,0,1.5005685301465053,1.7245110118649296,0.33654436314095293,0.23174696879134993,0.43170866806769725,0.6634556368590472,1,1,0.1028697198996386,1.0,0,St. Pauli,Bayern Munich,,29,29,155,double_poisson_alpha_0_5,869,0.5,10
2026-04-12 13:30:00,2025,30478,home_win,1,0,1.607549574931396,1.515101417059376,0.40132935516758816,0.2372647737825565,0.3614058710498553,0.5986706448324117,1,1,0.1072644930584303,1.0,1,FC Cologne,Werder Bremen,,29,29,156,double_poisson_alpha_0_5,870,0.5,10
2026-04-12 15:30:00,2025,30483,home_win,1,0,1.7171892849613124,1.474483533903753,0.4353764358510683,0.2328359807650163,0.33178758338391523,0.5646235641489316,1,1,0.10407159331919646,0.9999999999999999,1,VfB Stuttgart,Hamburger SV,,29,29,157,double_poisson_alpha_0_5,871,0.5,10
2026-04-12 17:30:00,2025,30480,home_win,0,0,1.6201690269442721,1.4779834053211993,0.41181751557865853,0.23795785930422975,0.3502246251171117,0.5881824844213415,1,1,0.10807354016019613,1.0,0,Mainz 05,Freiburg,,29,29,158,double_poisson_alpha_0_5,872,0.5,10
2026-04-17 18:30:00,2025,30491,home_win,0,0,1.5867027347071707,1.4667681438768938,0.4060986883711104,0.24010815077524247,0.35379316085364715,0.5939013116288896,1,1,0.10983771415267742,1.0,0,St. Pauli,FC Cologne,,30,30,159,double_poisson_alpha_0_5,873,0.5,10
2026-04-18 13:30:00,2025,30485,home_win,0,0,1.7722551919723317,1.4104808086203435,0.4615763006933964,0.23103432501009863,0.3073893742965049,0.5384236993066036,1,1,0.10366896347949518,1.0,0,Bayer Leverkusen,Augsburg,,30,30,160,double_poisson_alpha_0_5,874,0.5,10
2026-04-18 13:30:00,2025,30490,home_win,1,0,1.6230960894582391,1.6294867972105784,0.3825814242993428,0.23212679064427938,0.38529178505637784,0.6174185757006572,1,1,0.10228601939792528,1.0,1,Hoffenheim,Borussia Dortmund,,,,160,double_poisson_alpha_0_5,874,0.5,10
2026-04-18 13:30:00,2025,30492,home_win,0,0,1.5982029534651472,1.5041277381761684,0.40130595031952876,0.23813320925063083,0.3605608404298404,0.5986940496804712,1,1,0.1080417347675569,1.0,0,Union Berlin,Wolfsburg,,30,30,160,double_poisson_alpha_0_5,874,0.5,10
2026-04-18 13:30:00,2025,30493,home_win,1,0,1.615065196618086,1.5151279605076933,0.40310585178920516,0.23689673659909494,0.35999741161170007,0.596894148210795,1,1,0.10695811881704076,1.0000000000000002,1,Werder Bremen,Hamburger SV,,30,30,160,double_poisson_alpha_0_5,874,0.5,10
2026-04-18 16:30:00,2025,30488,home_win,0,0,1.6289065090367325,1.567453379987513,0.3959801124845196,0.23430525752640363,0.3697146299890769,0.6040198875154805,1,1,0.10445502309489242,1.0,0,Eintracht Frankfurt,RasenBallsport Leipzig,,30,30,161,double_poisson_alpha_0_5,878,0.5,10
2026-04-19 13:30:00,2025,30489,home_win,1,0,1.6647312934377125,1.4813271574282298,0.4216842258529901,0.2354934886210551,0.34282228552595473,0.5783157741470099,1,1,0.10609118574044167,1.0,1,Freiburg,FC Heidenheim,,30,30,162,double_poisson_alpha_0_5,879,0.5,10
2026-04-19 15:30:00,2025,30486,home_win,1,0,1.8484776578587505,1.5243447294556978,0.4551013706797058,0.22450828619126892,0.32039034312902515,0.5448986293202941,1,1,0.09662716728090476,1.0,1,Bayern Munich,VfB Stuttgart,,30,30,163,double_poisson_alpha_0_5,880,0.5,10
2026-04-19 17:30:00,2025,30487,home_win,0,0,1.611286012790005,1.5176096147208558,0.4017136684890835,0.23698985720980537,0.3612964743011111,0.5982863315109165,1,1,0.10702139336080271,1.0,0,Borussia M.Gladbach,Mainz 05,,30,30,164,double_poisson_alpha_0_5,881,0.5,10
