date,matchday,home_team,away_team,Double Poisson binary pick,Double Poisson multiclass pick,ML binary pick,ML multiclass pick,Double Poisson binary P(home win),Double Poisson multiclass P(home win),ML binary P(home win),ML multiclass P(home win)
2026-04-24,31,RasenBallsport Leipzig,Union Berlin,Home win,H,Away not lose,D,0.5457742610139167,0.5457742610139167,6.0795988590874144e-05,0.19971714120332681
2026-04-25,31,Augsburg,Eintracht Frankfurt,Away not lose,A,Away not lose,A,0.36541805170770686,0.36541805170770686,1.1995984148487218e-05,0.1353150043916796
2026-04-25,31,FC Cologne,Bayer Leverkusen,Away not lose,A,Away not lose,D,0.2748692226690641,0.2748692226690641,2.5723055772543815e-06,0.13183703383852421
2026-04-25,31,FC Heidenheim,St. Pauli,Away not lose,H,Away not lose,A,0.4007418407101875,0.4007418407101875,1.2842318166760704e-05,0.13781748032693464
2026-04-25,31,Hamburger SV,Hoffenheim,Away not lose,H,Away not lose,A,0.4120118482723608,0.4120118482723608,9.827842187449829e-06,0.13527820111018332
2026-04-25,31,Mainz 05,Bayern Munich,Away not lose,A,Away not lose,A,0.24708436597499372,0.24708436597499372,1.4753062274677823e-06,0.06508215622656469
2026-04-25,31,Wolfsburg,Borussia M.Gladbach,Away not lose,H,Away not lose,A,0.41886983907758457,0.41886983907758457,1.2506988209086344e-05,0.1372423764368743
2026-04-26,31,Dortmund,Freiburg,Away not lose,H,Away not lose,A,0.44342698366824795,0.44342698366824795,1.424505095482718e-05,0.1354368471241876
2026-04-26,31,VfB Stuttgart,Werder Bremen,Home win,H,Away not lose,D,0.5322892502842232,0.5322892502842232,4.798236078597018e-05,0.13637348250174733
